codregion,cod_comuna,COMUNA_GEOJSON,REGION_GEOJSON,PROVINCIA_GEOJSON,total,alta,poblacion,porcentaje_severidad,porcentaje_poblacion,tasa_100k
1,1107,Alto Hospicio,Región de Tarapacá,Iquique,6320,913,142086,14.446202531645568,0.642568585223034,642.568585223034
1,1402,Camiña,Región de Tarapacá,Iquique,67,6,1335,8.955223880597014,0.44943820224719105,449.43820224719104
1,1403,Colchane,Región de Tarapacá,Iquique,33,9,790,27.27272727272727,1.139240506329114,1139.240506329114
1,1404,Huara,Región de Tarapacá,Iquique,140,13,2858,9.285714285714286,0.45486354093771875,454.8635409377187
1,1101,Iquique,Región de Tarapacá,Iquique,13185,2048,199587,15.532802427000378,1.0261189356020182,1026.1189356020182
1,1405,Pica,Región de Tarapacá,Iquique,297,45,6272,15.151515151515152,0.7174744897959184,717.4744897959184
1,1401,Pozo Almonte,Región de Tarapacá,Iquique,754,112,16878,14.854111405835543,0.6635857329067425,663.5857329067426
2,2101,Antofagasta,Región de Antofagasta,Antofagasta,19200,2831,401096,14.744791666666668,0.705816063984682,705.8160639846819
2,2201,Calama,Región de Antofagasta,El Loa,11192,2082,166334,18.602573266619014,1.251698389986413,1251.6983899864128
2,2302,María Elena,Región de Antofagasta,Tocopilla,185,39,4834,21.08108108108108,0.8067852709971038,806.7852709971039
2,2102,Mejillones,Región de Antofagasta,Antofagasta,771,98,14084,12.710765239948119,0.6958250497017893,695.8250497017893
2,2202,Ollagüe,Región de Antofagasta,El Loa,10,1,256,10.0,0.390625,390.625
2,2203,San Pedro de Atacama,Región de Antofagasta,El Loa,493,88,9843,17.849898580121703,0.8940363710250939,894.0363710250939
2,2103,Sierra Gorda,Región de Antofagasta,Antofagasta,41,4,1472,9.75609756097561,0.2717391304347826,271.7391304347826
2,2104,Taltal,Región de Antofagasta,Antofagasta,534,82,12097,15.355805243445692,0.67785401339175,677.85401339175
2,2301,Tocopilla,Región de Antofagasta,Tocopilla,1131,204,25400,18.037135278514587,0.8031496062992126,803.1496062992127
3,3302,Alto del Carmen,Región de Atacama,Huasco,340,63,4788,18.529411764705884,1.3157894736842104,1315.7894736842104
3,3102,Caldera,Región de Atacama,Copiapó,745,105,18805,14.093959731543624,0.5583621377293273,558.3621377293273
3,3201,Chañaral,Región de Atacama,Chañaral,2,0,12345,0.0,0.0,0.0
3,3101,Copiapó,Región de Atacama,Copiapó,12363,1618,168831,13.087438324031384,0.9583548045086506,958.3548045086507
3,3202,Diego de Almagro,Región de Atacama,Chañaral,4,0,11397,0.0,0.0,0.0
3,3303,Freirina,Región de Atacama,Huasco,532,85,7577,15.977443609022558,1.1218160221723636,1121.8160221723638
3,3304,Huasco,Región de Atacama,Huasco,892,152,9369,17.040358744394617,1.6223716511900952,1622.3716511900952
3,3103,Tierra Amarilla,Región de Atacama,Copiapó,490,70,11846,14.285714285714285,0.5909167651527941,590.9167651527941
3,3301,Vallenar,Región de Atacama,Huasco,5071,875,54222,17.254979294024846,1.6137361218693518,1613.7361218693518
4,4103,Andacollo,Región de Coquimbo,Elqui,629,107,11566,17.011128775834656,0.9251253674563374,925.1253674563375
4,4202,Canela,Región de Coquimbo,Choapa,216,43,9639,19.90740740740741,0.4461043676729951,446.1043676729951
4,4302,Combarbalá,Región de Coquimbo,Limarí,688,90,12954,13.08139534883721,0.6947660954145438,694.7660954145438
4,4102,Coquimbo,Región de Coquimbo,Elqui,17919,2275,263719,12.696020983313803,0.8626606349940656,862.6606349940656
4,4201,Illapel,Región de Coquimbo,Choapa,669,140,32009,20.92675635276532,0.4373769877222032,437.3769877222032
4,4104,La Higuera,Región de Coquimbo,Elqui,256,50,4335,19.53125,1.1534025374855825,1153.4025374855826
4,4101,La Serena,Región de Coquimbo,Elqui,16782,2860,250141,17.042068883327374,1.143355147696699,1143.355147696699
4,4203,Los Vilos,Región de Coquimbo,Choapa,484,95,22879,19.62809917355372,0.4152279382840159,415.2279382840159
4,4303,Monte Patria,Región de Coquimbo,Limarí,2079,365,29997,17.556517556517555,1.2167883455012167,1216.7883455012168
4,4301,Ovalle,Región de Coquimbo,Limarí,8350,1382,118696,16.550898203592816,1.1643189323987329,1164.3189323987328
4,4105,Paihuano,Región de Coquimbo,Elqui,196,31,4649,15.816326530612246,0.6668100666810067,666.8100666810067
4,4304,Punitaqui,Región de Coquimbo,Limarí,823,127,12076,15.43134872417983,1.0516727393176548,1051.6727393176548
4,4305,Río Hurtado,Región de Coquimbo,Limarí,212,55,4334,25.943396226415093,1.2690355329949239,1269.0355329949239
4,4204,Salamanca,Región de Coquimbo,Choapa,567,104,27823,18.342151675485006,0.37379146749092473,373.79146749092473
4,4106,Vicuña,Región de Coquimbo,Elqui,1577,246,28047,15.599239061509195,0.8770991549898385,877.0991549898384
5,5602,Algarrobo,Región de Valparaíso,San Antonio,735,168,16076,22.857142857142858,1.045036078626524,1045.0360786265242
5,5402,Cabildo,Región de Valparaíso,Petorca,777,176,20015,22.651222651222653,0.8793404946290282,879.3404946290282
5,5502,Calera,Región de Valparaíso,Quillota,2543,470,50631,18.482107746755798,0.9282850427603642,928.2850427603643
5,5302,Calle Larga,Región de Valparaíso,Los Andes,1194,219,16597,18.341708542713565,1.3195155751039345,1319.5155751039345
5,5603,Cartagena,Región de Valparaíso,San Antonio,1643,310,24599,18.867924528301888,1.2602138298304808,1260.2138298304808
5,5102,Casablanca,Región de Valparaíso,Valparaíso,1737,461,29876,26.540011514104776,1.5430445842816978,1543.0445842816978
5,5702,Catemu,Región de Valparaíso,San Felipe,1045,184,13760,17.607655502392344,1.3372093023255813,1337.2093023255813
5,5103,Concón,Región de Valparaíso,Valparaíso,1818,406,48294,22.33223322332233,0.8406841429577172,840.6841429577172
5,5604,El Quisco,Región de Valparaíso,San Antonio,1002,197,18971,19.660678642714572,1.0384270729007432,1038.4270729007433
5,5605,El Tabo,Región de Valparaíso,San Antonio,917,183,16260,19.95637949836423,1.1254612546125462,1125.461254612546
5,5503,Hijuelas,Región de Valparaíso,Quillota,867,150,19286,17.301038062283737,0.7777662553147361,777.7662553147361
5,5201,Isla de Pascua,Región de Valparaíso,Isla de Pascua,190,39,4800,20.526315789473685,0.8125,812.5
5,5104,Juan Fernández,Región de Valparaíso,Valparaíso,19,3,904,15.789473684210526,0.33185840707964603,331.858407079646
5,5504,La Cruz,Región de Valparaíso,Quillota,1009,191,24939,18.929633300297326,0.7658687196760094,765.8687196760094
5,5401,La Ligua,Región de Valparaíso,Petorca,1641,338,39270,20.59719683120049,0.8607079195314489,860.7079195314489
5,5802,Limache,Región de Valparaíso,Marga Marga,1345,299,56145,22.230483271375466,0.5325496482322558,532.5496482322558
5,5703,Llaillay,Región de Valparaíso,San Felipe,1890,338,25484,17.883597883597886,1.3263223983676031,1326.3223983676032
5,5301,Los Andes,Región de Valparaíso,Los Andes,5766,1141,63440,19.788414845646894,1.798549810844893,1798.549810844893
5,5506,Nogales,Región de Valparaíso,Quillota,998,199,22136,19.939879759519037,0.898988073726057,898.9880737260571
5,5803,Olmué,Región de Valparaíso,Marga Marga,490,87,19778,17.755102040816325,0.43988269794721413,439.8826979472141
5,5704,Panquehue,Región de Valparaíso,San Felipe,631,88,7269,13.946117274167987,1.2106204429770258,1210.6204429770257
5,5403,Papudo,Región de Valparaíso,Petorca,309,63,7561,20.388349514563107,0.8332231186351011,833.2231186351012
5,5404,Petorca,Región de Valparaíso,Petorca,477,97,10206,20.335429769392032,0.9504213207916912,950.4213207916912
5,5105,Puchuncaví,Región de Valparaíso,Valparaíso,981,190,22539,19.367991845056064,0.8429832734371534,842.9832734371535
5,5705,Putaendo,Región de Valparaíso,San Felipe,1302,234,17336,17.972350230414747,1.3497923396400553,1349.7923396400554
5,5501,Quillota,Región de Valparaíso,Quillota,5359,1015,96753,18.94010076506811,1.0490630781474477,1049.0630781474476
5,5801,Quilpué,Región de Valparaíso,Marga Marga,104,28,162559,26.923076923076923,0.01722451540671387,17.22451540671387
5,5107,Quintero,Región de Valparaíso,Valparaíso,1641,357,35754,21.755027422303474,0.9984896794764222,998.4896794764221
5,5303,Rinconada,Región de Valparaíso,Los Andes,807,143,11855,17.71995043370508,1.2062420919443273,1206.2420919443273
5,5601,San Antonio,Región de Valparaíso,San Antonio,7248,1399,96770,19.30187637969095,1.4456959801591402,1445.6959801591402
5,5304,San Esteban,Región de Valparaíso,Los Andes,1439,271,20112,18.83252258512856,1.3474542561654734,1347.4542561654735
5,5701,San Felipe,Región de Valparaíso,San Felipe,7106,1265,80413,17.80185758513932,1.5731287229676796,1573.1287229676796
5,5706,Santa María,Región de Valparaíso,San Felipe,1317,232,15134,17.615793470007592,1.5329721157658254,1532.9721157658253
5,5606,Santo Domingo,Región de Valparaíso,San Antonio,607,130,13171,21.4168039538715,0.987016931136588,987.0169311365879
5,5101,Valparaíso,Región de Valparaíso,Valparaíso,20412,5749,284938,28.164805016656867,2.0176319058882983,2017.6319058882984
5,5804,Villa Alemana,Región de Valparaíso,Marga Marga,96,35,139571,36.45833333333333,0.025076842610570964,25.076842610570964
5,5109,Viña del Mar,Región de Valparaíso,Valparaíso,16783,3634,334871,21.652863016147293,1.0851940000776419,1085.1940000776417
5,5405,Zapallar,Región de Valparaíso,Petorca,312,76,7980,24.358974358974358,0.9523809523809524,952.3809523809525
6,6303,Chimbarongo,Región del Libertador Bernardo O'Higgins,Colchagua,2046,314,37258,15.347018572825025,0.8427720221160556,842.7720221160556
6,6302,Chépica,Región del Libertador Bernardo O'Higgins,Colchagua,986,119,15668,12.068965517241379,0.7595098289507276,759.5098289507275
6,6102,Codegua,Región del Libertador Bernardo O'Higgins,Cachapoal,580,113,13955,19.482758620689655,0.8097456108921532,809.7456108921533
6,6103,Coinco,Región del Libertador Bernardo O'Higgins,Cachapoal,308,52,7916,16.883116883116884,0.6568974229408793,656.8974229408792
6,6104,Coltauco,Región del Libertador Bernardo O'Higgins,Cachapoal,950,199,21373,20.94736842105263,0.9310812707621766,931.0812707621767
6,6105,Doñihue,Región del Libertador Bernardo O'Higgins,Cachapoal,973,258,21925,26.515930113052416,1.176738882554162,1176.738882554162
6,6106,Graneros,Región del Libertador Bernardo O'Higgins,Cachapoal,1510,357,35938,23.642384105960264,0.9933774834437087,993.3774834437087
6,6202,La Estrella,Región del Libertador Bernardo O'Higgins,Cardenal Caro,237,35,4609,14.767932489451477,0.7593838142764157,759.3838142764157
6,6107,Las Cabras,Región del Libertador Bernardo O'Higgins,Cachapoal,601,121,27554,20.133111480865225,0.43913769325687735,439.13769325687736
6,6203,Litueche,Región del Libertador Bernardo O'Higgins,Cardenal Caro,395,38,8852,9.620253164556962,0.42928151830094896,429.28151830094896
6,6304,Lolol,Región del Libertador Bernardo O'Higgins,Colchagua,493,64,7791,12.981744421906694,0.8214606597355922,821.4606597355922
6,6108,Machalí,Región del Libertador Bernardo O'Higgins,Cachapoal,1617,365,60875,22.572665429808286,0.5995893223819302,599.5893223819302
6,6109,Malloa,Región del Libertador Bernardo O'Higgins,Cachapoal,316,71,13882,22.468354430379748,0.5114536810257888,511.4536810257888
6,6204,Marchigüe,Región del Libertador Bernardo O'Higgins,Cardenal Caro,423,55,8715,13.002364066193852,0.6310958118187034,631.0958118187034
6,6110,Mostazal,Región del Libertador Bernardo O'Higgins,Cachapoal,1164,266,27394,22.852233676975946,0.9710155508505511,971.0155508505512
6,6305,Nancagua,Región del Libertador Bernardo O'Higgins,Colchagua,1142,183,18723,16.024518388791595,0.977407466752123,977.407466752123
6,6205,Navidad,Región del Libertador Bernardo O'Higgins,Cardenal Caro,297,62,8885,20.875420875420875,0.6978052898142938,697.8052898142938
6,6111,Olivar,Región del Libertador Bernardo O'Higgins,Cachapoal,615,131,13901,21.30081300813008,0.9423782461693403,942.3782461693403
6,6306,Palmilla,Región del Libertador Bernardo O'Higgins,Colchagua,729,110,13060,15.089163237311384,0.8422664624808576,842.2664624808576
6,6206,Paredones,Región del Libertador Bernardo O'Higgins,Cardenal Caro,405,64,7228,15.802469135802468,0.8854454897620365,885.4454897620365
6,6307,Peralillo,Región del Libertador Bernardo O'Higgins,Colchagua,710,96,12493,13.521126760563378,0.7684303209797486,768.4303209797487
6,6112,Peumo,Región del Libertador Bernardo O'Higgins,Cachapoal,283,56,14243,19.78798586572438,0.3931755950291371,393.1755950291371
6,6113,Pichidegua,Región del Libertador Bernardo O'Higgins,Cachapoal,440,98,20363,22.272727272727273,0.48126503953248534,481.26503953248533
6,6201,Pichilemu,Región del Libertador Bernardo O'Higgins,Cardenal Caro,965,159,19847,16.476683937823836,0.8011286340504862,801.1286340504862
6,6308,Placilla,Región del Libertador Bernardo O'Higgins,Colchagua,652,116,9438,17.791411042944784,1.2290739563466835,1229.0739563466836
6,6309,Pumanque,Región del Libertador Bernardo O'Higgins,Colchagua,222,28,4559,12.612612612612612,0.6141697740732617,614.1697740732617
6,6114,Quinta de Tilcoco,Región del Libertador Bernardo O'Higgins,Cachapoal,375,88,13558,23.466666666666665,0.6490632836701579,649.0632836701578
6,6101,Rancagua,Región del Libertador Bernardo O'Higgins,Cachapoal,13261,3416,257744,25.759746625443032,1.3253460798311503,1325.3460798311503
6,6115,Rengo,Región del Libertador Bernardo O'Higgins,Cachapoal,1383,360,63620,26.030368763557483,0.565859792518076,565.859792518076
6,6116,Requínoa,Región del Libertador Bernardo O'Higgins,Cachapoal,1163,297,29508,25.537403267411868,1.0065067100447336,1006.5067100447337
6,6301,San Fernando,Región del Libertador Bernardo O'Higgins,Colchagua,5567,853,75585,15.322435782288485,1.1285307931467883,1128.5307931467883
6,6117,San Vicente,Región del Libertador Bernardo O'Higgins,Cachapoal,1093,188,49559,17.200365965233303,0.379345830222563,379.345830222563
6,6310,Santa Cruz,Región del Libertador Bernardo O'Higgins,Colchagua,2893,404,41209,13.964742481852749,0.9803683661336117,980.3683661336116
7,7201,Cauquenes,Región del Maule,Cauquenes,5048,1041,42798,20.62202852614897,2.432356652180008,2432.3566521800085
7,7202,Chanco,Región del Maule,Cauquenes,692,127,9446,18.352601156069365,1.3444844378572942,1344.484437857294
7,7402,Colbún,Región del Maule,Linares,1764,256,22637,14.512471655328799,1.1308919026372752,1130.8919026372753
7,7102,Constitución,Región del Maule,Talca,4667,855,47004,18.320119991429184,1.8189941281593056,1818.9941281593055
7,7103,Curepto,Región del Maule,Talca,562,93,9519,16.548042704626333,0.9769933816577372,976.9933816577371
7,7301,Curicó,Región del Maule,Curicó,12071,2199,159968,18.2172148123602,1.3746499299859973,1374.6499299859972
7,7104,Empedrado,Región del Maule,Talca,313,68,3990,21.72523961661342,1.7042606516290728,1704.2606516290728
7,7302,Hualañé,Región del Maule,Curicó,693,111,10775,16.017316017316016,1.0301624129930396,1030.1624129930394
7,7303,Licantén,Región del Maule,Curicó,447,86,6892,19.23937360178971,1.2478235635519443,1247.8235635519443
7,7401,Linares,Región del Maule,Linares,7241,1201,96744,16.586106891313353,1.2414206565781858,1241.4206565781858
7,7403,Longaví,Región del Maule,Linares,2413,377,33299,15.623704931620388,1.1321661311150486,1132.1661311150485
7,7105,Maule,Región del Maule,Talca,2956,513,61081,17.354533152909337,0.8398683715066878,839.8683715066878
7,7304,Molina,Región del Maule,Curicó,3169,478,48949,15.083622593878196,0.9765265888986496,976.5265888986496
7,7404,Parral,Región del Maule,Linares,4879,1029,45323,21.09038737446198,2.2703704520883434,2270.3704520883434
7,7106,Pelarco,Región del Maule,Talca,723,105,9229,14.522821576763487,1.1377180626286705,1137.7180626286706
7,7203,Pelluhue,Región del Maule,Cauquenes,595,108,8578,18.15126050420168,1.2590347400326416,1259.0347400326416
7,7107,Pencahue,Región del Maule,Talca,619,114,9181,18.416801292407108,1.2416948044875287,1241.6948044875287
7,7305,Rauco,Región del Maule,Curicó,905,187,11266,20.662983425414364,1.659861530268063,1659.861530268063
7,7405,Retiro,Región del Maule,Linares,2158,384,22310,17.794253938832252,1.721201255042582,1721.2012550425818
7,7306,Romeral,Región del Maule,Curicó,1203,230,17233,19.11886949293433,1.33464863923867,1334.64863923867
7,7108,Río Claro,Región del Maule,Talca,950,148,14276,15.578947368421053,1.0367049593723732,1036.7049593723732
7,7307,Sagrada Familia,Región del Maule,Curicó,1371,235,19427,17.14077315827863,1.209656663406599,1209.6566634065991
7,7109,San Clemente,Región del Maule,Talca,3272,499,47380,15.250611246943766,1.0531869987336429,1053.186998733643
7,7406,San Javier,Región del Maule,Linares,2204,375,49559,17.014519056261342,0.7566738634758571,756.673863475857
7,7110,San Rafael,Región del Maule,Talca,842,127,11230,15.08313539192399,1.130899376669635,1130.8993766696349
7,7101,Talca,Región del Maule,Talca,15659,2694,232131,17.20416373970241,1.1605515850963466,1160.5515850963466
7,7308,Teno,Región del Maule,Curicó,1933,339,30113,17.537506466632177,1.1257596386942517,1125.7596386942516
7,7309,Vichuquén,Región del Maule,Curicó,247,45,4716,18.218623481781375,0.9541984732824428,954.1984732824428
7,7407,Villa Alegre,Región del Maule,Linares,884,150,17919,16.968325791855204,0.8371002846140967,837.1002846140967
7,7408,Yerbas Buenas,Región del Maule,Linares,1439,235,20035,16.330785267546908,1.1729473421512353,1172.9473421512353
8,8314,Alto Biobío,Región del Bío-Bío,Bío-Bío,273,47,6016,17.216117216117215,0.78125,781.25
8,8302,Antuco,Región del Bío-Bío,Bío-Bío,283,43,4373,15.19434628975265,0.9833066544706152,983.3066544706152
8,8202,Arauco,Región del Bío-Bío,Arauco,1925,330,37163,17.142857142857142,0.8879799800877216,887.9799800877216
8,8303,Cabrero,Región del Bío-Bío,Bío-Bío,1651,302,31256,18.291944276196244,0.9662144868185307,966.2144868185308
8,8203,Cañete,Región del Bío-Bío,Arauco,1578,325,34640,20.595690747782,0.9382217090069284,938.2217090069283
8,8103,Chiguayante,Región del Bío-Bío,Concepción,4498,1069,85822,23.766118274788795,1.245601360956398,1245.6013609563981
8,8101,Concepción,Región del Bío-Bío,Concepción,12998,3073,230375,23.642098784428374,1.333912099837222,1333.9120998372218
8,8204,Contulmo,Región del Bío-Bío,Arauco,268,41,5905,15.298507462686567,0.6943268416596104,694.3268416596105
8,8102,Coronel,Región del Bío-Bío,Concepción,11000,2521,123648,22.918181818181818,2.038852225672878,2038.852225672878
8,8205,Curanilahue,Región del Bío-Bío,Arauco,2941,611,31119,20.775246514790886,1.9634307015006909,1963.430701500691
8,8104,Florida,Región del Bío-Bío,Concepción,658,144,12958,21.88449848024316,1.1112826053403304,1111.2826053403303
8,8112,Hualpén,Región del Bío-Bío,Concepción,7206,1100,87731,15.265056897030252,1.2538327387126558,1253.8327387126556
8,8105,Hualqui,Región del Bío-Bío,Concepción,1571,366,25795,23.297262889879057,1.4188796278348519,1418.8796278348518
8,8304,Laja,Región del Bío-Bío,Bío-Bío,1388,268,23706,19.30835734870317,1.1305154813127478,1130.5154813127479
8,8201,Lebu,Región del Bío-Bío,Arauco,1372,298,25246,21.720116618075803,1.1803850114869683,1180.3850114869683
8,8206,Los Alamos,Región del Bío-Bío,Arauco,1235,227,21950,18.380566801619434,1.0341685649202732,1034.1685649202734
8,8301,Los Angeles,Región del Bío-Bío,Bío-Bío,18692,3464,219441,18.531992296169484,1.5785564229109417,1578.5564229109418
8,8106,Lota,Región del Bío-Bío,Concepción,5299,1162,39980,21.92866578599736,2.9064532266133067,2906.453226613307
8,8305,Mulchén,Región del Bío-Bío,Bío-Bío,1957,401,29036,20.49054675523761,1.3810442209670755,1381.0442209670755
8,8306,Nacimiento,Región del Bío-Bío,Bío-Bío,1643,293,26140,17.83323189287888,1.1208875286916604,1120.8875286916602
8,8307,Negrete,Región del Bío-Bío,Bío-Bío,607,95,10723,15.650741350906095,0.8859460971742983,885.9460971742983
8,8107,Penco,Región del Bío-Bío,Concepción,5370,1153,48971,21.471135940409685,2.354454677257969,2354.4546772579693
8,8308,Quilaco,Región del Bío-Bío,Bío-Bío,231,38,4440,16.450216450216452,0.8558558558558558,855.8558558558558
8,8309,Quilleco,Región del Bío-Bío,Bío-Bío,642,117,9700,18.22429906542056,1.2061855670103092,1206.1855670103093
8,8108,San Pedro de la Paz,Región del Bío-Bío,Concepción,7248,1720,150992,23.730684326710815,1.1391331991098865,1139.1331991098866
8,8310,San Rosendo,Región del Bío-Bío,Bío-Bío,216,37,3575,17.12962962962963,1.034965034965035,1034.965034965035
8,8311,Santa Bárbara,Región del Bío-Bío,Bío-Bío,978,170,14075,17.38241308793456,1.2078152753108349,1207.8152753108347
8,8109,Santa Juana,Región del Bío-Bío,Concepción,827,152,14947,18.37968561064087,1.016926473539841,1016.9264735398408
8,8110,Talcahuano,Región del Bío-Bío,Concepción,13210,2074,147322,15.700227100681301,1.4078006000461574,1407.8006000461573
8,8207,Tirúa,Región del Bío-Bío,Arauco,472,113,10208,23.940677966101696,1.1069749216300941,1106.974921630094
8,8111,Tomé,Región del Bío-Bío,Concepción,6797,1291,56907,18.993673679564512,2.2686137030593776,2268.6137030593777
8,8312,Tucapel,Región del Bío-Bío,Bío-Bío,978,175,15729,17.893660531697343,1.1125945705384956,1112.5945705384956
8,8313,Yumbel,Región del Bío-Bío,Bío-Bío,1188,234,23170,19.696969696969695,1.0099266292619768,1009.9266292619768
9,9201,Angol,Región de La Araucanía,Malleco,6908,1079,53022,15.619571511291255,2.0350043378220364,2035.0043378220364
9,9102,Carahue,Región de La Araucanía,Cautín,2060,317,24957,15.388349514563107,1.2701847177144687,1270.184717714469
9,9121,Cholchol,Región de La Araucanía,Cautín,1010,166,13167,16.435643564356436,1.2607275765170503,1260.7275765170502
9,9202,Collipulli,Región de La Araucanía,Malleco,2164,289,24303,13.354898336414047,1.1891536024359133,1189.1536024359132
9,9103,Cunco,Región de La Araucanía,Cautín,1291,241,19177,18.66769945778466,1.256713771705689,1256.713771705689
9,9203,Curacautín,Región de La Araucanía,Malleco,1545,236,18536,15.275080906148867,1.273198100992663,1273.1981009926628
9,9104,Curarrehue,Región de La Araucanía,Cautín,372,40,7733,10.75268817204301,0.517263675158412,517.263675158412
9,9204,Ercilla,Región de La Araucanía,Malleco,811,134,7730,16.52281134401973,1.7335058214747738,1733.5058214747737
9,9105,Freire,Región de La Araucanía,Cautín,2111,430,26164,20.369493131217435,1.643479590276716,1643.4795902767162
9,9106,Galvarino,Región de La Araucanía,Cautín,934,161,12710,17.237687366167023,1.2667191188040912,1266.7191188040913
9,9107,Gorbea,Región de La Araucanía,Cautín,1180,217,14148,18.389830508474574,1.5337856940910377,1533.7856940910376
9,9108,Lautaro,Región de La Araucanía,Cautín,3964,652,41936,16.44803229061554,1.5547500953834414,1554.7500953834415
9,9109,Loncoche,Región de La Araucanía,Cautín,1568,253,25158,16.135204081632654,1.0056443278480007,1005.6443278480007
9,9205,Lonquimay,Región de La Araucanía,Malleco,769,153,10247,19.89596879063719,1.4931199375426953,1493.1199375426954
9,9206,Los Sauces,Región de La Araucanía,Malleco,757,118,7348,15.587846763540291,1.6058791507893304,1605.8791507893304
9,9207,Lumaco,Región de La Araucanía,Malleco,596,96,9253,16.10738255033557,1.0375013509132174,1037.5013509132173
9,9110,Melipeuco,Región de La Araucanía,Cautín,388,57,6796,14.690721649484537,0.8387286639199529,838.728663919953
9,9111,Nueva Imperial,Región de La Araucanía,Cautín,3722,656,33988,17.624932831810856,1.9300929739908201,1930.0929739908202
9,9112,Padre Las Casas,Región de La Araucanía,Cautín,6365,1161,80656,18.24037706205813,1.439446538385241,1439.446538385241
9,9113,Perquenco,Región de La Araucanía,Cautín,546,91,7438,16.666666666666664,1.2234471632159183,1223.4471632159182
9,9114,Pitrufquén,Región de La Araucanía,Cautín,2580,560,27041,21.705426356589147,2.0709293295366296,2070.929329536629
9,9115,Pucón,Región de La Araucanía,Cautín,1698,208,32321,12.249705535924617,0.6435444447882183,643.5444447882182
9,9208,Purén,Región de La Araucanía,Malleco,965,128,12184,13.264248704663212,1.0505581089954037,1050.5581089954037
9,9209,Renaico,Región de La Araucanía,Malleco,1067,171,10686,16.026241799437678,1.600224592925323,1600.224592925323
9,9116,Saavedra,Región de La Araucanía,Cautín,1023,161,12877,15.73802541544477,1.250291216898346,1250.291216898346
9,9101,Temuco,Región de La Araucanía,Cautín,18169,2820,292518,15.520942264296329,0.9640432383648185,964.0432383648185
9,9117,Teodoro Schmidt,Región de La Araucanía,Cautín,947,167,15639,17.634635691657866,1.0678432124816164,1067.8432124816163
9,9118,Toltén,Región de La Araucanía,Cautín,733,133,10041,18.144611186903138,1.3245692660093618,1324.5692660093616
9,9210,Traiguén,Región de La Araucanía,Malleco,1451,212,18873,14.610613370089592,1.1232978328829544,1123.2978328829545
9,9211,Victoria,Región de La Araucanía,Malleco,3763,670,34464,17.804942864735583,1.94405756731662,1944.0575673166202
9,9119,Vilcún,Región de La Araucanía,Cautín,2098,289,31575,13.775023832221164,0.9152810768012668,915.2810768012669
9,9120,Villarrica,Región de La Araucanía,Cautín,5738,1067,67737,18.5953293830603,1.5752100033954854,1575.2100033954855
10,10202,Ancud,Región de Los Lagos,Chiloe,957,193,40949,20.167189132706373,0.4713179809030746,471.31798090307456
10,10102,Calbuco,Región de Los Lagos,Llanquihue,2036,367,36474,18.025540275049114,1.0061961945495421,1006.1961945495422
10,10201,Castro,Región de Los Lagos,Chiloe,3830,518,46997,13.52480417754569,1.1021980126391047,1102.1980126391045
10,10401,Chaitén,Región de Los Lagos,Palena,207,41,4025,19.806763285024154,1.0186335403726707,1018.6335403726708
10,10203,Chonchi,Región de Los Lagos,Chiloe,1018,165,16078,16.208251473477407,1.0262470456524442,1026.2470456524443
10,10103,Cochamó,Región de Los Lagos,Llanquihue,232,69,4199,29.74137931034483,1.6432483924743988,1643.2483924743988
10,10204,Curaco de Vélez,Región de Los Lagos,Chiloe,174,24,3662,13.793103448275861,0.6553795740032768,655.3795740032768
10,10205,Dalcahue,Región de Los Lagos,Chiloe,1011,136,14894,13.452027695351138,0.9131193769303075,913.1193769303076
10,10104,Fresia,Región de Los Lagos,Llanquihue,782,153,12320,19.565217391304348,1.241883116883117,1241.883116883117
10,10105,Frutillar,Región de Los Lagos,Llanquihue,1131,233,22554,20.601237842617152,1.0330761727409772,1033.0761727409772
10,10402,Futaleufú,Región de Los Lagos,Palena,119,17,3062,14.285714285714285,0.5551926845199217,555.1926845199216
10,10403,Hualaihué,Región de Los Lagos,Palena,597,125,9480,20.938023450586265,1.3185654008438819,1318.565400843882
10,10107,Llanquihue,Región de Los Lagos,Llanquihue,1092,234,18088,21.428571428571427,1.2936753648827952,1293.6753648827953
10,10106,Los Muermos,Región de Los Lagos,Llanquihue,1264,312,17162,24.68354430379747,1.8179699335741755,1817.9699335741755
10,10108,Maullín,Región de Los Lagos,Llanquihue,951,192,15063,20.189274447949526,1.2746464847639911,1274.646484763991
10,10301,Osorno,Región de Los Lagos,Osorno,14082,2620,166455,18.605311745490695,1.5739989787029527,1573.9989787029529
10,10404,Palena,Región de Los Lagos,Palena,83,16,1903,19.27710843373494,0.8407777193904361,840.7777193904361
10,10101,Puerto Montt,Región de Los Lagos,Llanquihue,18580,3851,277040,20.72658772874058,1.3900519780537106,1390.0519780537106
10,10302,Puerto Octay,Región de Los Lagos,Osorno,719,139,8865,19.33240611961057,1.5679639029892838,1567.9639029892837
10,10109,Puerto Varas,Región de Los Lagos,Llanquihue,2386,503,52942,21.081307627829002,0.9500963318348382,950.0963318348382
10,10206,Puqueldón,Región de Los Lagos,Chiloe,218,44,4048,20.18348623853211,1.0869565217391304,1086.9565217391305
10,10303,Purranque,Región de Los Lagos,Osorno,1521,240,19542,15.779092702169626,1.2281240405280933,1228.1240405280932
10,10304,Puyehue,Región de Los Lagos,Osorno,1032,181,11712,17.538759689922482,1.5454234972677596,1545.4234972677596
10,10207,Queilén,Región de Los Lagos,Chiloe,323,58,5690,17.956656346749224,1.0193321616871704,1019.3321616871705
10,10208,Quellón,Región de Los Lagos,Chiloe,1065,202,28460,18.967136150234744,0.7097680955727337,709.7680955727337
10,10209,Quemchi,Región de Los Lagos,Chiloe,241,44,8409,18.25726141078838,0.523248899988108,523.248899988108
10,10210,Quinchao,Región de Los Lagos,Chiloe,492,81,7678,16.463414634146343,1.05496222974733,1054.9622297473302
10,10305,Río Negro,Región de Los Lagos,Osorno,1082,215,13874,19.87060998151571,1.5496612368458988,1549.6612368458989
10,10306,San Juan de la Costa,Región de Los Lagos,Osorno,660,142,7776,21.515151515151516,1.8261316872427984,1826.1316872427983
10,10307,San Pablo,Región de Los Lagos,Osorno,941,172,10883,18.278427205100954,1.5804465680419002,1580.4465680419003
11,11201,Aysén,Región de Aysén del Gral.Ibañez del Campo,Aysén,4,0,23170,0.0,0.0,0.0
11,11401,Chile Chico,Región de Aysén del Gral.Ibañez del Campo,General Carrera,352,50,4905,14.204545454545455,1.019367991845056,1019.367991845056
11,11301,Cochrane,Región de Aysén del Gral.Ibañez del Campo,Capitán Prat,231,11,3458,4.761904761904762,0.31810294968189706,318.1029496818971
11,11101,Coyhaique,Región de Aysén del Gral.Ibañez del Campo,Coyhaique,4,2,57823,50.0,0.003458831260916936,3.458831260916936
11,11302,O'Higgins,Región de Aysén del Gral.Ibañez del Campo,Capitán Prat,90,16,647,17.77777777777778,2.472952086553323,2472.952086553323
11,11402,Río Ibáñez,Región de Aysén del Gral.Ibañez del Campo,General Carrera,209,24,2723,11.483253588516746,0.8813808299669483,881.3808299669483
11,11303,Tortel,Región de Aysén del Gral.Ibañez del Campo,Capitán Prat,25,4,505,16.0,0.7920792079207921,792.0792079207921
12,12102,Laguna Blanca,Región de Magallanes y Antártica Chilena,Magallanes,7,2,269,28.57142857142857,0.7434944237918215,743.4944237918215
12,12401,Natales,Región de Magallanes y Antártica Chilena,Ultima Esperanza,722,121,24152,16.759002770083104,0.5009937065253396,500.9937065253395
12,12301,Porvenir,Región de Magallanes y Antártica Chilena,Tierra del Fuego,243,43,6809,17.695473251028808,0.6315171097077398,631.5171097077398
12,12302,Primavera,Región de Magallanes y Antártica Chilena,Tierra del Fuego,18,4,431,22.22222222222222,0.9280742459396751,928.0742459396752
12,12101,Punta Arenas,Región de Magallanes y Antártica Chilena,Magallanes,12440,2499,132363,20.088424437299036,1.8879898461050295,1887.9898461050295
12,12104,San Gregorio,Región de Magallanes y Antártica Chilena,Magallanes,12,2,241,16.666666666666664,0.8298755186721992,829.8755186721992
13,13502,Alhué,Región Metropolitana de Santiago,Melipilla,481,82,7768,17.04781704781705,1.055612770339856,1055.6127703398558
13,13402,Buin,Región Metropolitana de Santiago,Maipo,5295,1094,116969,20.661000944287064,0.9352905470680265,935.2905470680265
13,13403,Calera de Tango,Región Metropolitana de Santiago,Maipo,529,154,25491,29.111531190926275,0.6041347926719234,604.1347926719234
13,13102,Cerrillos,Región Metropolitana de Santiago,Santiago,3852,1052,85041,27.31048805815161,1.2370503639420984,1237.0503639420986
13,13103,Cerro Navia,Región Metropolitana de Santiago,Santiago,9540,2177,127250,22.81970649895178,1.7108055009823184,1710.8055009823183
13,13301,Colina,Región Metropolitana de Santiago,Chacabuco,13,5,173293,38.46153846153847,0.0028852867686519363,2.885286768651936
13,13104,Conchalí,Región Metropolitana de Santiago,Santiago,5069,1100,121587,21.700532649437758,0.9047019829422553,904.7019829422553
13,13503,Curacaví,Región Metropolitana de Santiago,Melipilla,1768,357,35165,20.192307692307693,1.0152139911844165,1015.2139911844164
13,13105,El Bosque,Región Metropolitana de Santiago,Santiago,9334,2440,155257,26.140989929290765,1.571587754497382,1571.5877544973819
13,13602,El Monte,Región Metropolitana de Santiago,Talagante,2188,426,37497,19.46983546617916,1.1360908872709816,1136.0908872709817
13,13106,Estación Central,Región Metropolitana de Santiago,Santiago,8963,2250,181049,25.10320205288408,1.242757485542588,1242.757485542588
13,13107,Huechuraba,Región Metropolitana de Santiago,Santiago,3045,623,101808,20.45977011494253,0.6119361936193619,611.9361936193619
13,13108,Independencia,Región Metropolitana de Santiago,Santiago,5100,1104,116943,21.64705882352941,0.9440496652215182,944.0496652215182
13,13603,Isla de Maipo,Región Metropolitana de Santiago,Talagante,2024,374,39274,18.478260869565215,0.9522839537607578,952.2839537607579
13,13109,La Cisterna,Región Metropolitana de Santiago,Santiago,3744,872,103157,23.29059829059829,0.845313454249348,845.313454249348
13,13110,La Florida,Región Metropolitana de Santiago,Santiago,21459,4760,374836,22.181835127452352,1.269888697990588,1269.8886979905878
13,13111,La Granja,Región Metropolitana de Santiago,Santiago,7818,1823,112022,23.317984139166025,1.627358911642356,1627.358911642356
13,13112,La Pintana,Región Metropolitana de Santiago,Santiago,13095,2827,175421,21.588392516227568,1.6115516386293545,1611.5516386293546
13,13113,La Reina,Región Metropolitana de Santiago,Santiago,2578,553,89870,21.450737005430568,0.6153332591521086,615.3332591521086
13,13302,Lampa,Región Metropolitana de Santiago,Chacabuco,11,2,145160,18.181818181818183,0.0013777900248002205,1.3777900248002204
13,13114,Las Condes,Región Metropolitana de Santiago,Santiago,3683,699,296134,18.979093130600056,0.23604179189150856,236.04179189150855
13,13115,Lo Barnechea,Región Metropolitana de Santiago,Santiago,2210,440,112620,19.90950226244344,0.3906943704492985,390.6943704492985
13,13116,Lo Espejo,Región Metropolitana de Santiago,Santiago,5197,1278,87295,24.591110255916877,1.464001374649178,1464.001374649178
13,13117,Lo Prado,Región Metropolitana de Santiago,Santiago,6079,1251,91290,20.579042605691725,1.37035819914558,1370.35819914558
13,13118,Macul,Región Metropolitana de Santiago,Santiago,6802,1538,123800,22.61099676565716,1.2423263327948304,1242.3263327948305
13,13119,Maipú,Región Metropolitana de Santiago,Santiago,21113,5783,503635,27.390707147255245,1.1482522064590428,1148.2522064590428
13,13504,María Pinto,Región Metropolitana de Santiago,Melipilla,1008,128,15352,12.698412698412698,0.8337675872850442,833.7675872850442
13,13501,Melipilla,Región Metropolitana de Santiago,Melipilla,10865,1585,136325,14.588127013345606,1.1626627544470933,1162.6627544470934
13,13604,Padre Hurtado,Región Metropolitana de Santiago,Talagante,2664,521,81243,19.557057057057055,0.6412860184877466,641.2860184877466
13,13404,Paine,Región Metropolitana de Santiago,Maipo,3832,737,78828,19.23277661795407,0.9349469731567464,934.9469731567464
13,13121,Pedro Aguirre Cerda,Región Metropolitana de Santiago,Santiago,5126,1228,96062,23.956301209520095,1.278341071391393,1278.341071391393
13,13605,Peñaflor,Región Metropolitana de Santiago,Talagante,3519,702,94402,19.948849104859335,0.7436283129594712,743.6283129594711
13,13122,Peñalolén,Región Metropolitana de Santiago,Santiago,14850,3384,236478,22.78787878787879,1.4309999238829827,1430.9999238829828
13,13202,Pirque,Región Metropolitana de Santiago,Cordillera,1688,421,29060,24.940758293838865,1.4487267721954578,1448.7267721954577
13,13123,Providencia,Región Metropolitana de Santiago,Santiago,3606,802,143974,22.240709927897946,0.5570450220178644,557.0450220178644
13,13124,Pudahuel,Región Metropolitana de Santiago,Santiago,10742,2327,227820,21.662632656860918,1.0214204196295322,1021.4204196295321
13,13201,Puente Alto,Región Metropolitana de Santiago,Cordillera,38259,9831,568086,25.695914686740373,1.7305478395876681,1730.547839587668
13,13125,Quilicura,Región Metropolitana de Santiago,Santiago,6704,1357,205624,20.24164677804296,0.6599424191728592,659.9424191728592
13,13126,Quinta Normal,Región Metropolitana de Santiago,Santiago,7611,1626,129351,21.363815530153722,1.2570447851195585,1257.0447851195586
13,13127,Recoleta,Región Metropolitana de Santiago,Santiago,6455,1390,154615,21.53369481022463,0.899007211460725,899.0072114607251
13,13128,Renca,Región Metropolitana de Santiago,Santiago,9209,2174,143622,23.607340645021175,1.5136956733648048,1513.6956733648049
13,13401,San Bernardo,Región Metropolitana de Santiago,Maipo,14940,3341,306371,22.362784471218205,1.0905079136080111,1090.5079136080112
13,13129,San Joaquín,Región Metropolitana de Santiago,Santiago,4684,1087,95602,23.206660973526898,1.137005501976946,1137.005501976946
13,13203,San José de Maipo,Región Metropolitana de Santiago,Cordillera,1086,287,17441,26.427255985267035,1.6455478470271199,1645.54784702712
13,13130,San Miguel,Región Metropolitana de Santiago,Santiago,4667,1040,150829,22.284122562674096,0.6895225719191932,689.5225719191932
13,13505,San Pedro,Región Metropolitana de Santiago,Melipilla,754,107,11108,14.190981432360742,0.9632697155203457,963.2697155203457
13,13131,San Ramón,Región Metropolitana de Santiago,Santiago,6146,1339,76002,21.786527822974293,1.7617957422173103,1761.7957422173101
13,13101,Santiago,Región Metropolitana de Santiago,Santiago,18514,4417,438856,23.85762125958734,1.0064804856262646,1006.4804856262646
13,13601,Talagante,Región Metropolitana de Santiago,Talagante,4270,876,76429,20.515222482435597,1.146161797223567,1146.161797223567
13,13303,Tiltil,Región Metropolitana de Santiago,Chacabuco,4,1,19742,25.0,0.005065342923715936,5.065342923715936
13,13132,Vitacura,Región Metropolitana de Santiago,Santiago,612,124,86420,20.26143790849673,0.14348530432770193,143.48530432770193
13,13120,Ñuñoa,Región Metropolitana de Santiago,Santiago,6675,1434,241467,21.48314606741573,0.5938699698095392,593.8699698095392
14,14102,Corral,Región de Los Ríos,Valdivia,290,40,5501,13.793103448275861,0.7271405199054717,727.1405199054717
14,14202,Futrono,Región de Los Ríos,Ranco,762,110,15635,14.435695538057743,0.7035497281739687,703.5497281739687
14,14201,La Unión,Región de Los Ríos,Ranco,1338,241,38907,18.011958146487295,0.6194258102655049,619.425810265505
14,14203,Lago Ranco,Región de Los Ríos,Ranco,410,64,10527,15.609756097560975,0.6079604825686331,607.9604825686331
14,14103,Lanco,Región de Los Ríos,Valdivia,791,114,16876,14.412136536030342,0.6755155250059256,675.5155250059256
14,14104,Los Lagos,Región de Los Ríos,Valdivia,1100,145,21431,13.18181818181818,0.6765899864682002,676.5899864682003
14,14106,Mariquina,Región de Los Ríos,Valdivia,1198,161,22973,13.439065108514189,0.7008227049144649,700.8227049144648
14,14105,Máfil,Región de Los Ríos,Valdivia,351,51,8074,14.529914529914532,0.6316571711667079,631.6571711667079
14,14107,Paillaco,Región de Los Ríos,Ranco,1028,160,19802,15.56420233463035,0.807999192000808,807.999192000808
14,14108,Panguipulli,Región de Los Ríos,Valdivia,1854,411,35098,22.168284789644012,1.171006894979771,1171.006894979771
14,14204,Río Bueno,Región de Los Ríos,Ranco,1351,227,33363,16.80236861584012,0.680394448940443,680.394448940443
14,14101,Valdivia,Región de Los Ríos,Valdivia,13106,2295,170043,17.511063634976345,1.3496586157618955,1349.6586157618956
15,15101,Arica,Región de Arica y Parinacota,Arica,20129,2579,241653,12.81236027621839,1.0672327676461704,1067.2327676461703
15,15102,Camarones,Región de Arica y Parinacota,Arica,9,1,861,11.11111111111111,0.11614401858304298,116.14401858304298
15,15202,General Lagos,Región de Arica y Parinacota,Parinacota,4,0,508,0.0,0.0,0.0
15,15201,Putre,Región de Arica y Parinacota,Parinacota,4,0,1547,0.0,0.0,0.0
16,16102,Bulnes,Región de Ñuble,Ñuble,1,0,23863,0.0,0.0,0.0
16,16101,Chillán,Región de Ñuble,Ñuble,26,3,190382,11.538461538461538,0.0015757792228256872,1.575779222825687
16,16202,Cobquecura,Región de Ñuble,Itata,227,35,5495,15.418502202643172,0.6369426751592357,636.9426751592357
16,16203,Coelemu,Región de Ñuble,Itata,803,142,15895,17.68368617683686,0.8933626926706512,893.3626926706512
16,16302,Coihueco,Región de Ñuble,Punilla,1878,375,29766,19.968051118210862,1.2598266478532554,1259.8266478532555
16,16104,El Carmen,Región de Ñuble,Ñuble,1,1,13186,100.0,0.0075838010010617326,7.583801001061732
16,16204,Ninhue,Región de Ñuble,Itata,379,55,5763,14.511873350923482,0.9543640465035572,954.3640465035571
16,16106,Pinto,Región de Ñuble,Ñuble,1,0,12502,0.0,0.0,0.0
16,16205,Portezuelo,Región de Ñuble,Itata,419,91,5203,21.71837708830549,1.748990966749952,1748.990966749952
16,16201,Quirihue,Región de Ñuble,Itata,641,91,11746,14.19656786271451,0.7747318235995232,774.7318235995233
16,16206,Ranquil,Región de Ñuble,Itata,407,64,6508,15.724815724815725,0.9834050399508296,983.4050399508296
16,16301,San Carlos,Región de Ñuble,Punilla,6124,1122,55847,18.321358589157413,2.009060468780776,2009.060468780776
16,16304,San Fabián,Región de Ñuble,Punilla,413,88,5245,21.307506053268767,1.6777883698760723,1677.7883698760722
16,16305,San Nicolás,Región de Ñuble,Punilla,1110,206,15099,18.55855855855856,1.3643287634942711,1364.3287634942712
16,16207,Treguaco,Región de Ñuble,Itata,283,50,6124,17.6678445229682,0.8164598301763554,816.4598301763554
16,16303,Ñiquén,Región de Ñuble,Punilla,1031,214,12797,20.75654704170708,1.6722669375634915,1672.2669375634914
