cod_hospital_origen,hospital_origen,region_origen,comuna_origen,lat_origen,lon_origen,cod_hospital_destino,hospital_destino,region_destino,comuna_destino,lat_destino,lon_destino,cantidad,graves,porcentaje_graves
114105.0,Hospital Clínico Metropolitano La Florida Dra. Eloisa Díaz Inzunza,Región Metropolitana de Santiago,La Florida,-33.514161,-70.599148,114101,"Complejo Hospitalario Dr. Sótero del Río (Santiago, Puente Alto)",Región Metropolitana de Santiago,Puente Alto,-33.577251,-70.581781,461,97,21.04
105101.0,Hospital San Pablo (Coquimbo),Región de Coquimbo,Coquimbo,-29.968488,-71.337017,105101,Hospital San Pablo (Coquimbo),Región de Coquimbo,Coquimbo,-29.968488,-71.337017,216,65,30.09
117102.0,Hospital de San Carlos,Región de Ñuble,San Carlos,-36.429931,-71.959831,117101,Hospital Clínico Herminda Martín (Chillán),Región de Ñuble,Chillán,-36.608831,-72.092671,116,54,46.55
121110.0,Hospital Dr. Abraham Godoy (Lautaro),Región de La Araucanía,Lautaro,-38.537076,-72.418384,121109,Hospital Dr. Hernán Henríquez Aravena (Temuco),Región de La Araucanía,Temuco,-38.736532,-72.599238,109,35,32.11
118106.0,Hospital de Lota,Región del Bíobío,Lota,-37.09019,-73.155535,118100,Hospital Clínico Regional Dr. Guillermo Grant Benavente (Concepción),Región del Bíobío,Concepción,-36.82511,-73.037951,89,56,62.92
121121.0,Hospital de Villarrica,Región de La Araucanía,Villarrica,-39.2777,-72.226793,121109,Hospital Dr. Hernán Henríquez Aravena (Temuco),Región de La Araucanía,Temuco,-38.736532,-72.599238,89,24,26.97
116111.0,Hospital San Juan de Dios (Cauquenes),Región del Maule,Cauquenes,-35.963105,-72.32527,116108,Hospital Presidente Carlos Ibáñez del Campo (Linares),Región del Maule,Linares,-35.844282,-71.590991,68,39,57.35
105102.0,Hospital Dr. Antonio Tirado Lanas (Ovalle),Región de Coquimbo,Ovalle,-30.599614,-71.200031,105100,Hospital San Juan de Dios (La Serena),Región de Coquimbo,La Serena,-29.908191,-71.249732,65,27,41.54
105101.0,Hospital San Pablo (Coquimbo),Región de Coquimbo,Coquimbo,-29.968488,-71.337017,105100,Hospital San Juan de Dios (La Serena),Región de Coquimbo,La Serena,-29.908191,-71.249732,57,27,47.37
124105.0,Hospital de Puerto Montt,Región de Los Lagos,Puerto Montt,-41.44855,-72.957342,121109,Hospital Dr. Hernán Henríquez Aravena (Temuco),Región de La Araucanía,Temuco,-38.736532,-72.599238,54,31,57.41
116111.0,Hospital San Juan de Dios (Cauquenes),Región del Maule,Cauquenes,-35.963105,-72.32527,116105,Hospital Dr. César Garavagno Burotto (Talca),Región del Maule,Talca,-35.426896,-71.646373,41,18,43.9
129100.0,Hospital Dr. Mauricio Heyermann (Angol),Región de La Araucanía,Angol,-37.794444,-72.705669,121109,Hospital Dr. Hernán Henríquez Aravena (Temuco),Región de La Araucanía,Temuco,-38.736532,-72.599238,37,14,37.84
119100.0,Hospital Las Higueras (Talcahuano),Región del Bíobío,Talcahuano,-36.740101,-73.108694,119102,Hospital Penco - Lirquén,Región del Bíobío,Penco,-36.719574,-72.975452,35,21,60.0
119100.0,Hospital Las Higueras (Talcahuano),Región del Bíobío,Talcahuano,-36.740101,-73.108694,118100,Hospital Clínico Regional Dr. Guillermo Grant Benavente (Concepción),Región del Bíobío,Concepción,-36.82511,-73.037951,34,20,58.82
133150.0,Hospital de Castro,Región de Los Lagos,Castro,-42.477043,-73.76933,124105,Hospital de Puerto Montt,Región de Los Lagos,Puerto Montt,-41.44855,-72.957342,34,20,58.82
113180.0,"Hospital El Pino (Santiago, San Bernardo)",Región Metropolitana de Santiago,San Bernardo,-33.58435,-70.676793,114101,"Complejo Hospitalario Dr. Sótero del Río (Santiago, Puente Alto)",Región Metropolitana de Santiago,Puente Alto,-33.577251,-70.581781,33,1,3.03
108101.0,Hospital San Juan de Dios (Los Andes),Región de Valparaíso,Los Andes,-32.829664,-70.59643,108100,Hospital de San Camilo (San Felipe),Región de Valparaíso,San Felipe,-32.74977,-70.708992,30,8,26.67
112100.0,"Hospital Del Salvador (Santiago, Providencia)",Región Metropolitana de Santiago,Providencia,-33.43664,-70.624493,112103,Instituto Nacional de Enfermedades Respiratorias y Cirugía Torácica,Región Metropolitana de Santiago,Providencia,-33.437988,-70.621882,29,16,55.17
108100.0,Hospital de San Camilo (San Felipe),Región de Valparaíso,San Felipe,-32.74977,-70.708992,108101,Hospital San Juan de Dios (Los Andes),Región de Valparaíso,Los Andes,-32.829664,-70.59643,29,14,48.28
119100.0,Hospital Las Higueras (Talcahuano),Región del Bíobío,Talcahuano,-36.740101,-73.108694,119101,Hospital de Tomé,Región del Bíobío,Tome,-36.613323,-72.954554,25,18,72.0
110130.0,Hospital Adalberto Steeger (Talagante),Región Metropolitana de Santiago,Talagante,-33.66801,-70.920339,110120,"Hospital Dr. Félix Bulnes Cerda (Santiago, Quinta Normal)",Región Metropolitana de Santiago,Cerro Navia,-33.423625,-70.741664,24,4,16.67
113150.0,Hospital San Luis (Buin),Región Metropolitana de Santiago,Buin,-33.734263,-70.739547,113100,"Hospital Barros Luco Trudeau (Santiago, San Miguel)",Región Metropolitana de Santiago,San Miguel,-33.485147,-70.644439,21,10,47.62
112100.0,"Hospital Del Salvador (Santiago, Providencia)",Región Metropolitana de Santiago,Providencia,-33.43664,-70.624493,112104,Instituto de Neurocirugía Dr. Alfonso Asenjo,Región Metropolitana de Santiago,Providencia,-33.436888,-70.622448,20,5,25.0
105100.0,Hospital San Juan de Dios (La Serena),Región de Coquimbo,La Serena,-29.908191,-71.249732,105102,Hospital Dr. Antonio Tirado Lanas (Ovalle),Región de Coquimbo,Ovalle,-30.599614,-71.200031,19,12,63.16
105100.0,Hospital San Juan de Dios (La Serena),Región de Coquimbo,La Serena,-29.908191,-71.249732,105101,Hospital San Pablo (Coquimbo),Región de Coquimbo,Coquimbo,-29.968488,-71.337017,19,10,52.63
105102.0,Hospital Dr. Antonio Tirado Lanas (Ovalle),Región de Coquimbo,Ovalle,-30.599614,-71.200031,105101,Hospital San Pablo (Coquimbo),Región de Coquimbo,Coquimbo,-29.968488,-71.337017,16,7,43.75
105101.0,Hospital San Pablo (Coquimbo),Región de Coquimbo,Coquimbo,-29.968488,-71.337017,107100,Hospital Dr. Gustavo Fricke (Viña del Mar),Región de Valparaíso,Viña del Mar,-33.0294,-71.541725,15,9,60.0
103101.0,Hospital Dr. Carlos Cisternas (Calama),Región de Antofagasta,Calama,-22.445201,-68.918257,103100,Hospital Dr. Leonardo Guzmán (Antofagasta),Región de Antofagasta,Antofagasta,-23.616852,-70.385924,15,6,40.0
105100.0,Hospital San Juan de Dios (La Serena),Región de Coquimbo,La Serena,-29.908191,-71.249732,107100,Hospital Dr. Gustavo Fricke (Viña del Mar),Región de Valparaíso,Viña del Mar,-33.0294,-71.541725,14,10,71.43
113180.0,"Hospital El Pino (Santiago, San Bernardo)",Región Metropolitana de Santiago,San Bernardo,-33.58435,-70.676793,113100,"Hospital Barros Luco Trudeau (Santiago, San Miguel)",Región Metropolitana de Santiago,San Miguel,-33.485147,-70.644439,14,8,57.14
102100.0,Hospital Dr. Ernesto Torres Galdames (Iquique),Región de Tarapacá,Iquique,-20.214354,-70.138931,103100,Hospital Dr. Leonardo Guzmán (Antofagasta),Región de Antofagasta,Antofagasta,-23.616852,-70.385924,14,7,50.0
110100.0,"Hospital San Juan de Dios (Santiago, Santiago)",Región Metropolitana de Santiago,Santiago,-33.442394,-70.679188,112104,Instituto de Neurocirugía Dr. Alfonso Asenjo,Región Metropolitana de Santiago,Providencia,-33.436888,-70.622448,14,7,50.0
112100.0,"Hospital Del Salvador (Santiago, Providencia)",Región Metropolitana de Santiago,Providencia,-33.43664,-70.624493,114101,"Complejo Hospitalario Dr. Sótero del Río (Santiago, Puente Alto)",Región Metropolitana de Santiago,Puente Alto,-33.577251,-70.581781,14,0,0.0
124105.0,Hospital de Puerto Montt,Región de Los Lagos,Puerto Montt,-41.44855,-72.957342,118100,Hospital Clínico Regional Dr. Guillermo Grant Benavente (Concepción),Región del Bíobío,Concepción,-36.82511,-73.037951,13,7,53.85
125100.0,Hospital Regional (Coihaique),Región de Aysén del General Carlos Ibañez del Campo,Coyhaique,-45.568399,-72.073423,112103,Instituto Nacional de Enfermedades Respiratorias y Cirugía Torácica,Región Metropolitana de Santiago,Providencia,-33.437988,-70.621882,13,7,53.85
113100.0,"Hospital Barros Luco Trudeau (Santiago, San Miguel)",Región Metropolitana de Santiago,San Miguel,-33.485147,-70.644439,111195,Hospital de Urgencia Asistencia Pública Dr. Alejandro del Río,Región Metropolitana de Santiago,Santiago,-33.444004,-70.637955,12,3,25.0
108101.0,Hospital San Juan de Dios (Los Andes),Región de Valparaíso,Los Andes,-32.829664,-70.59643,112103,Instituto Nacional de Enfermedades Respiratorias y Cirugía Torácica,Región Metropolitana de Santiago,Providencia,-33.437988,-70.621882,11,6,54.55
118106.0,Hospital de Lota,Región del Bíobío,Lota,-37.09019,-73.155535,118105,Hospital San José (Coronel),Región del Bíobío,Coronel,-37.028242,-73.135861,11,1,9.09
105101.0,Hospital San Pablo (Coquimbo),Región de Coquimbo,Coquimbo,-29.968488,-71.337017,105102,Hospital Dr. Antonio Tirado Lanas (Ovalle),Región de Coquimbo,Ovalle,-30.599614,-71.200031,10,8,80.0
121121.0,Hospital de Villarrica,Región de La Araucanía,Villarrica,-39.2777,-72.226793,121114,Hospital Intercultural de Nueva Imperial,Región de La Araucanía,Nueva Imperial,-38.740329,-72.958314,10,6,60.0
129100.0,Hospital Dr. Mauricio Heyermann (Angol),Región de La Araucanía,Angol,-37.794444,-72.705669,120101,Complejo Asistencial Dr. Víctor Ríos Ruiz (Los Ángeles),Región del Bíobío,Los Ángeles,-37.47365,-72.346903,10,6,60.0
110130.0,Hospital Adalberto Steeger (Talagante),Región Metropolitana de Santiago,Talagante,-33.66801,-70.920339,110100,"Hospital San Juan de Dios (Santiago, Santiago)",Región Metropolitana de Santiago,Santiago,-33.442394,-70.679188,10,4,40.0
119100.0,Hospital Las Higueras (Talcahuano),Región del Bíobío,Talcahuano,-36.740101,-73.108694,117101,Hospital Clínico Herminda Martín (Chillán),Región de Ñuble,Chillán,-36.608831,-72.092671,10,1,10.0
102100.0,Hospital Dr. Ernesto Torres Galdames (Iquique),Región de Tarapacá,Iquique,-20.214354,-70.138931,112102,"Hospital de Niños Dr. Luis Calvo Mackenna (Santiago, Providencia)",Región Metropolitana de Santiago,Providencia,-33.430592,-70.615846,9,8,88.89
110100.0,"Hospital San Juan de Dios (Santiago, Santiago)",Región Metropolitana de Santiago,Santiago,-33.442394,-70.679188,112102,"Hospital de Niños Dr. Luis Calvo Mackenna (Santiago, Providencia)",Región Metropolitana de Santiago,Providencia,-33.430592,-70.615846,9,8,88.89
113100.0,"Hospital Barros Luco Trudeau (Santiago, San Miguel)",Región Metropolitana de Santiago,San Miguel,-33.485147,-70.644439,109101,"Hospital Clínico de Niños Dr. Roberto del Río (Santiago, Independencia)",Región Metropolitana de Santiago,Independencia,-33.415335,-70.655086,9,7,77.78
102100.0,Hospital Dr. Ernesto Torres Galdames (Iquique),Región de Tarapacá,Iquique,-20.214354,-70.138931,112103,Instituto Nacional de Enfermedades Respiratorias y Cirugía Torácica,Región Metropolitana de Santiago,Providencia,-33.437988,-70.621882,9,4,44.44
110100.0,"Hospital San Juan de Dios (Santiago, Santiago)",Región Metropolitana de Santiago,Santiago,-33.442394,-70.679188,110110,Instituto Traumatológico Dr. Teodoro Gebauer,Región Metropolitana de Santiago,Santiago,-33.434891,-70.658236,9,4,44.44
129100.0,Hospital Dr. Mauricio Heyermann (Angol),Región de La Araucanía,Angol,-37.794444,-72.705669,129106,Hospital San José (Victoria),Región de La Araucanía,Victoria,-38.233942,-72.340159,9,2,22.22
105102.0,Hospital Dr. Antonio Tirado Lanas (Ovalle),Región de Coquimbo,Ovalle,-30.599614,-71.200031,107100,Hospital Dr. Gustavo Fricke (Viña del Mar),Región de Valparaíso,Viña del Mar,-33.0294,-71.541725,8,7,87.5
115110.0,Hospital de Santa Cruz,Región del Libertador Gral. B. O'Higgins,Santa Cruz,-34.634422,-71.35723,115107,Hospital San Juan de Dios (San Fernando),Región del Libertador Gral. B. O'Higgins,San Fernando,-34.575908,-70.992563,8,5,62.5
115107.0,Hospital San Juan de Dios (San Fernando),Región del Libertador Gral. B. O'Higgins,San Fernando,-34.575908,-70.992563,115110,Hospital de Santa Cruz,Región del Libertador Gral. B. O'Higgins,Santa Cruz,-34.634422,-71.35723,8,4,50.0
124105.0,Hospital de Puerto Montt,Región de Los Lagos,Puerto Montt,-41.44855,-72.957342,133150,Hospital de Castro,Región de Los Lagos,Castro,-42.477043,-73.76933,7,7,100.0
121121.0,Hospital de Villarrica,Región de La Araucanía,Villarrica,-39.2777,-72.226793,121117,Hospital de Pitrufquén,Región de La Araucanía,Pitrufquén,-38.989944,-72.643501,7,1,14.29
113100.0,"Hospital Barros Luco Trudeau (Santiago, San Miguel)",Región Metropolitana de Santiago,San Miguel,-33.485147,-70.644439,112103,Instituto Nacional de Enfermedades Respiratorias y Cirugía Torácica,Región Metropolitana de Santiago,Providencia,-33.437988,-70.621882,6,6,100.0
117102.0,Hospital de San Carlos,Región de Ñuble,San Carlos,-36.429931,-71.959831,119100,Hospital Las Higueras (Talcahuano),Región del Bíobío,Talcahuano,-36.740101,-73.108694,6,4,66.67
102100.0,Hospital Dr. Ernesto Torres Galdames (Iquique),Región de Tarapacá,Iquique,-20.214354,-70.138931,112104,Instituto de Neurocirugía Dr. Alfonso Asenjo,Región Metropolitana de Santiago,Providencia,-33.436888,-70.622448,6,3,50.0
105100.0,Hospital San Juan de Dios (La Serena),Región de Coquimbo,La Serena,-29.908191,-71.249732,109101,"Hospital Clínico de Niños Dr. Roberto del Río (Santiago, Independencia)",Región Metropolitana de Santiago,Independencia,-33.415335,-70.655086,6,3,50.0
108100.0,Hospital de San Camilo (San Felipe),Región de Valparaíso,San Felipe,-32.74977,-70.708992,107100,Hospital Dr. Gustavo Fricke (Viña del Mar),Región de Valparaíso,Viña del Mar,-33.0294,-71.541725,6,3,50.0
129100.0,Hospital Dr. Mauricio Heyermann (Angol),Región de La Araucanía,Angol,-37.794444,-72.705669,119100,Hospital Las Higueras (Talcahuano),Región del Bíobío,Talcahuano,-36.740101,-73.108694,6,3,50.0
102100.0,Hospital Dr. Ernesto Torres Galdames (Iquique),Región de Tarapacá,Iquique,-20.214354,-70.138931,101100,Hospital Dr. Juan Noé Crevanni (Arica),Región de Arica Parinacota,Arica,-18.482478,-70.312948,6,2,33.33
105100.0,Hospital San Juan de Dios (La Serena),Región de Coquimbo,La Serena,-29.908191,-71.249732,109100,"Complejo Hospitalario San José (Santiago, Independencia)",Región Metropolitana de Santiago,Independencia,-33.416586,-70.653318,5,5,100.0
110130.0,Hospital Adalberto Steeger (Talagante),Región Metropolitana de Santiago,Talagante,-33.66801,-70.920339,112104,Instituto de Neurocirugía Dr. Alfonso Asenjo,Región Metropolitana de Santiago,Providencia,-33.436888,-70.622448,5,4,80.0
112100.0,"Hospital Del Salvador (Santiago, Providencia)",Región Metropolitana de Santiago,Providencia,-33.43664,-70.624493,112101,"Hospital Dr. Luis Tisné B. (Santiago, Peñalolén)",Región Metropolitana de Santiago,Peñalolén,-33.501328,-70.579408,5,3,60.0
133150.0,Hospital de Castro,Región de Los Lagos,Castro,-42.477043,-73.76933,118100,Hospital Clínico Regional Dr. Guillermo Grant Benavente (Concepción),Región del Bíobío,Concepción,-36.82511,-73.037951,5,3,60.0
110100.0,"Hospital San Juan de Dios (Santiago, Santiago)",Región Metropolitana de Santiago,Santiago,-33.442394,-70.679188,110120,"Hospital Dr. Félix Bulnes Cerda (Santiago, Quinta Normal)",Región Metropolitana de Santiago,Cerro Navia,-33.423625,-70.741664,5,2,40.0
117102.0,Hospital de San Carlos,Región de Ñuble,San Carlos,-36.429931,-71.959831,116110,Hospital San José (Parral),Región del Maule,Parral,-36.141982,-71.814027,5,2,40.0
119100.0,Hospital Las Higueras (Talcahuano),Región del Bíobío,Talcahuano,-36.740101,-73.108694,117102,Hospital de San Carlos,Región de Ñuble,San Carlos,-36.429931,-71.959831,5,1,20.0
108100.0,Hospital de San Camilo (San Felipe),Región de Valparaíso,San Felipe,-32.74977,-70.708992,112102,"Hospital de Niños Dr. Luis Calvo Mackenna (Santiago, Providencia)",Región Metropolitana de Santiago,Providencia,-33.430592,-70.615846,4,4,100.0
125100.0,Hospital Regional (Coihaique),Región de Aysén del General Carlos Ibañez del Campo,Coyhaique,-45.568399,-72.073423,124105,Hospital de Puerto Montt,Región de Los Lagos,Puerto Montt,-41.44855,-72.957342,4,4,100.0
125100.0,Hospital Regional (Coihaique),Región de Aysén del General Carlos Ibañez del Campo,Coyhaique,-45.568399,-72.073423,111100,"Hospital Clínico San Borja-Arriarán (Santiago, Santiago)",Región Metropolitana de Santiago,Santiago,-33.460498,-70.64232,4,3,75.0
129100.0,Hospital Dr. Mauricio Heyermann (Angol),Región de La Araucanía,Angol,-37.794444,-72.705669,118100,Hospital Clínico Regional Dr. Guillermo Grant Benavente (Concepción),Región del Bíobío,Concepción,-36.82511,-73.037951,4,3,75.0
133150.0,Hospital de Castro,Región de Los Lagos,Castro,-42.477043,-73.76933,121109,Hospital Dr. Hernán Henríquez Aravena (Temuco),Región de La Araucanía,Temuco,-38.736532,-72.599238,4,3,75.0
105100.0,Hospital San Juan de Dios (La Serena),Región de Coquimbo,La Serena,-29.908191,-71.249732,111100,"Hospital Clínico San Borja-Arriarán (Santiago, Santiago)",Región Metropolitana de Santiago,Santiago,-33.460498,-70.64232,4,2,50.0
108101.0,Hospital San Juan de Dios (Los Andes),Región de Valparaíso,Los Andes,-32.829664,-70.59643,107100,Hospital Dr. Gustavo Fricke (Viña del Mar),Región de Valparaíso,Viña del Mar,-33.0294,-71.541725,4,2,50.0
110100.0,"Hospital San Juan de Dios (Santiago, Santiago)",Región Metropolitana de Santiago,Santiago,-33.442394,-70.679188,109101,"Hospital Clínico de Niños Dr. Roberto del Río (Santiago, Independencia)",Región Metropolitana de Santiago,Independencia,-33.415335,-70.655086,4,2,50.0
112100.0,"Hospital Del Salvador (Santiago, Providencia)",Región Metropolitana de Santiago,Providencia,-33.43664,-70.624493,111195,Hospital de Urgencia Asistencia Pública Dr. Alejandro del Río,Región Metropolitana de Santiago,Santiago,-33.444004,-70.637955,4,2,50.0
118106.0,Hospital de Lota,Región del Bíobío,Lota,-37.09019,-73.155535,118106,Hospital de Lota,Región del Bíobío,Lota,-37.09019,-73.155535,4,2,50.0
121110.0,Hospital Dr. Abraham Godoy (Lautaro),Región de La Araucanía,Lautaro,-38.537076,-72.418384,121117,Hospital de Pitrufquén,Región de La Araucanía,Pitrufquén,-38.989944,-72.643501,4,2,50.0
121121.0,Hospital de Villarrica,Región de La Araucanía,Villarrica,-39.2777,-72.226793,121110,Hospital Dr. Abraham Godoy (Lautaro),Región de La Araucanía,Lautaro,-38.537076,-72.418384,4,2,50.0
124105.0,Hospital de Puerto Montt,Región de Los Lagos,Puerto Montt,-41.44855,-72.957342,122100,Hospital Clínico Regional (Valdivia),Región de Los Ríos,Valdivia,-39.831807,-73.240138,4,2,50.0
110100.0,"Hospital San Juan de Dios (Santiago, Santiago)",Región Metropolitana de Santiago,Santiago,-33.442394,-70.679188,111195,Hospital de Urgencia Asistencia Pública Dr. Alejandro del Río,Región Metropolitana de Santiago,Santiago,-33.444004,-70.637955,4,1,25.0
114105.0,Hospital Clínico Metropolitano La Florida Dra. Eloisa Díaz Inzunza,Región Metropolitana de Santiago,La Florida,-33.514161,-70.599148,114103,Hospital Padre Alberto Hurtado (San Ramón),Región Metropolitana de Santiago,San Ramón,-33.5525,-70.635024,4,1,25.0
124105.0,Hospital de Puerto Montt,Región de Los Lagos,Puerto Montt,-41.44855,-72.957342,123100,Hospital Base San José de Osorno,Región de Los Lagos,Osorno,-40.5883,-73.127785,4,1,25.0
110130.0,Hospital Adalberto Steeger (Talagante),Región Metropolitana de Santiago,Talagante,-33.66801,-70.920339,111195,Hospital de Urgencia Asistencia Pública Dr. Alejandro del Río,Región Metropolitana de Santiago,Santiago,-33.444004,-70.637955,3,3,100.0
113180.0,"Hospital El Pino (Santiago, San Bernardo)",Región Metropolitana de Santiago,San Bernardo,-33.58435,-70.676793,113130,"Hospital Dr. Exequiel González Cortés (Santiago, San Miguel)",Región Metropolitana de Santiago,San Miguel,-33.484761,-70.648129,3,3,100.0
105101.0,Hospital San Pablo (Coquimbo),Región de Coquimbo,Coquimbo,-29.968488,-71.337017,109101,"Hospital Clínico de Niños Dr. Roberto del Río (Santiago, Independencia)",Región Metropolitana de Santiago,Independencia,-33.415335,-70.655086,3,2,66.67
121121.0,Hospital de Villarrica,Región de La Araucanía,Villarrica,-39.2777,-72.226793,129100,Hospital Dr. Mauricio Heyermann (Angol),Región de La Araucanía,Angol,-37.794444,-72.705669,3,2,66.67
133150.0,Hospital de Castro,Región de Los Lagos,Castro,-42.477043,-73.76933,112103,Instituto Nacional de Enfermedades Respiratorias y Cirugía Torácica,Región Metropolitana de Santiago,Providencia,-33.437988,-70.621882,3,1,33.33
110130.0,Hospital Adalberto Steeger (Talagante),Región Metropolitana de Santiago,Talagante,-33.66801,-70.920339,110150,Hospital San José (Melipilla),Región Metropolitana de Santiago,Melipilla,-33.69526,-71.214668,3,0,0.0
102100.0,Hospital Dr. Ernesto Torres Galdames (Iquique),Región de Tarapacá,Iquique,-20.214354,-70.138931,107100,Hospital Dr. Gustavo Fricke (Viña del Mar),Región de Valparaíso,Viña del Mar,-33.0294,-71.541725,2,2,100.0
102100.0,Hospital Dr. Ernesto Torres Galdames (Iquique),Región de Tarapacá,Iquique,-20.214354,-70.138931,112100,"Hospital Del Salvador (Santiago, Providencia)",Región Metropolitana de Santiago,Providencia,-33.43664,-70.624493,2,2,100.0
108101.0,Hospital San Juan de Dios (Los Andes),Región de Valparaíso,Los Andes,-32.829664,-70.59643,106102,Hospital Dr. Eduardo Pereira Ramírez (Valparaíso),Región de Valparaíso,Valparaíso,-33.05679,-71.58962,2,2,100.0
124105.0,Hospital de Puerto Montt,Región de Los Lagos,Puerto Montt,-41.44855,-72.957342,112103,Instituto Nacional de Enfermedades Respiratorias y Cirugía Torácica,Región Metropolitana de Santiago,Providencia,-33.437988,-70.621882,2,2,100.0
105101.0,Hospital San Pablo (Coquimbo),Región de Coquimbo,Coquimbo,-29.968488,-71.337017,104100,Hospital San José del Carmen (Copiapó),Región de Atacama,Copiapó,-27.373352,-70.322127,2,1,50.0
108100.0,Hospital de San Camilo (San Felipe),Región de Valparaíso,San Felipe,-32.74977,-70.708992,106100,Hospital Carlos Van Buren (Valparaíso),Región de Valparaíso,Valparaíso,-33.050258,-71.611098,2,1,50.0
110100.0,"Hospital San Juan de Dios (Santiago, Santiago)",Región Metropolitana de Santiago,Santiago,-33.442394,-70.679188,110150,Hospital San José (Melipilla),Región Metropolitana de Santiago,Melipilla,-33.69526,-71.214668,2,1,50.0
110130.0,Hospital Adalberto Steeger (Talagante),Región Metropolitana de Santiago,Talagante,-33.66801,-70.920339,110110,Instituto Traumatológico Dr. Teodoro Gebauer,Región Metropolitana de Santiago,Santiago,-33.434891,-70.658236,2,1,50.0
113100.0,"Hospital Barros Luco Trudeau (Santiago, San Miguel)",Región Metropolitana de Santiago,San Miguel,-33.485147,-70.644439,114101,"Complejo Hospitalario Dr. Sótero del Río (Santiago, Puente Alto)",Región Metropolitana de Santiago,Puente Alto,-33.577251,-70.581781,2,1,50.0
113150.0,Hospital San Luis (Buin),Región Metropolitana de Santiago,Buin,-33.734263,-70.739547,113130,"Hospital Dr. Exequiel González Cortés (Santiago, San Miguel)",Región Metropolitana de Santiago,San Miguel,-33.484761,-70.648129,2,1,50.0
113180.0,"Hospital El Pino (Santiago, San Bernardo)",Región Metropolitana de Santiago,San Bernardo,-33.58435,-70.676793,109101,"Hospital Clínico de Niños Dr. Roberto del Río (Santiago, Independencia)",Región Metropolitana de Santiago,Independencia,-33.415335,-70.655086,2,1,50.0
113180.0,"Hospital El Pino (Santiago, San Bernardo)",Región Metropolitana de Santiago,San Bernardo,-33.58435,-70.676793,112103,Instituto Nacional de Enfermedades Respiratorias y Cirugía Torácica,Región Metropolitana de Santiago,Providencia,-33.437988,-70.621882,2,1,50.0
115107.0,Hospital San Juan de Dios (San Fernando),Región del Libertador Gral. B. O'Higgins,San Fernando,-34.575908,-70.992563,111100,"Hospital Clínico San Borja-Arriarán (Santiago, Santiago)",Región Metropolitana de Santiago,Santiago,-33.460498,-70.64232,2,1,50.0
105100.0,Hospital San Juan de Dios (La Serena),Región de Coquimbo,La Serena,-29.908191,-71.249732,104100,Hospital San José del Carmen (Copiapó),Región de Atacama,Copiapó,-27.373352,-70.322127,2,0,0.0
108100.0,Hospital de San Camilo (San Felipe),Región de Valparaíso,San Felipe,-32.74977,-70.708992,112103,Instituto Nacional de Enfermedades Respiratorias y Cirugía Torácica,Región Metropolitana de Santiago,Providencia,-33.437988,-70.621882,2,0,0.0
113180.0,"Hospital El Pino (Santiago, San Bernardo)",Región Metropolitana de Santiago,San Bernardo,-33.58435,-70.676793,111195,Hospital de Urgencia Asistencia Pública Dr. Alejandro del Río,Región Metropolitana de Santiago,Santiago,-33.444004,-70.637955,2,0,0.0
117102.0,Hospital de San Carlos,Región de Ñuble,San Carlos,-36.429931,-71.959831,116108,Hospital Presidente Carlos Ibáñez del Campo (Linares),Región del Maule,Linares,-35.844282,-71.590991,2,0,0.0
119100.0,Hospital Las Higueras (Talcahuano),Región del Bíobío,Talcahuano,-36.740101,-73.108694,129106,Hospital San José (Victoria),Región de La Araucanía,Victoria,-38.233942,-72.340159,2,0,0.0
121110.0,Hospital Dr. Abraham Godoy (Lautaro),Región de La Araucanía,Lautaro,-38.537076,-72.418384,129106,Hospital San José (Victoria),Región de La Araucanía,Victoria,-38.233942,-72.340159,2,0,0.0
125100.0,Hospital Regional (Coihaique),Región de Aysén del General Carlos Ibañez del Campo,Coyhaique,-45.568399,-72.073423,112102,"Hospital de Niños Dr. Luis Calvo Mackenna (Santiago, Providencia)",Región Metropolitana de Santiago,Providencia,-33.430592,-70.615846,2,0,0.0
133150.0,Hospital de Castro,Región de Los Lagos,Castro,-42.477043,-73.76933,111100,"Hospital Clínico San Borja-Arriarán (Santiago, Santiago)",Región Metropolitana de Santiago,Santiago,-33.460498,-70.64232,2,0,0.0
102100.0,Hospital Dr. Ernesto Torres Galdames (Iquique),Región de Tarapacá,Iquique,-20.214354,-70.138931,109101,"Hospital Clínico de Niños Dr. Roberto del Río (Santiago, Independencia)",Región Metropolitana de Santiago,Independencia,-33.415335,-70.655086,1,1,100.0
105100.0,Hospital San Juan de Dios (La Serena),Región de Coquimbo,La Serena,-29.908191,-71.249732,112100,"Hospital Del Salvador (Santiago, Providencia)",Región Metropolitana de Santiago,Providencia,-33.43664,-70.624493,1,1,100.0
105100.0,Hospital San Juan de Dios (La Serena),Región de Coquimbo,La Serena,-29.908191,-71.249732,112101,"Hospital Dr. Luis Tisné B. (Santiago, Peñalolén)",Región Metropolitana de Santiago,Peñalolén,-33.501328,-70.579408,1,1,100.0
105100.0,Hospital San Juan de Dios (La Serena),Región de Coquimbo,La Serena,-29.908191,-71.249732,112102,"Hospital de Niños Dr. Luis Calvo Mackenna (Santiago, Providencia)",Región Metropolitana de Santiago,Providencia,-33.430592,-70.615846,1,1,100.0
105100.0,Hospital San Juan de Dios (La Serena),Región de Coquimbo,La Serena,-29.908191,-71.249732,114103,Hospital Padre Alberto Hurtado (San Ramón),Región Metropolitana de Santiago,San Ramón,-33.5525,-70.635024,1,1,100.0
105101.0,Hospital San Pablo (Coquimbo),Región de Coquimbo,Coquimbo,-29.968488,-71.337017,110100,"Hospital San Juan de Dios (Santiago, Santiago)",Región Metropolitana de Santiago,Santiago,-33.442394,-70.679188,1,1,100.0
105101.0,Hospital San Pablo (Coquimbo),Región de Coquimbo,Coquimbo,-29.968488,-71.337017,112103,Instituto Nacional de Enfermedades Respiratorias y Cirugía Torácica,Región Metropolitana de Santiago,Providencia,-33.437988,-70.621882,1,1,100.0
105101.0,Hospital San Pablo (Coquimbo),Región de Coquimbo,Coquimbo,-29.968488,-71.337017,114105,Hospital Clínico Metropolitano La Florida Dra. Eloisa Díaz Inzunza,Región Metropolitana de Santiago,La Florida,-33.514161,-70.599148,1,1,100.0
105102.0,Hospital Dr. Antonio Tirado Lanas (Ovalle),Región de Coquimbo,Ovalle,-30.599614,-71.200031,106100,Hospital Carlos Van Buren (Valparaíso),Región de Valparaíso,Valparaíso,-33.050258,-71.611098,1,1,100.0
108100.0,Hospital de San Camilo (San Felipe),Región de Valparaíso,San Felipe,-32.74977,-70.708992,109101,"Hospital Clínico de Niños Dr. Roberto del Río (Santiago, Independencia)",Región Metropolitana de Santiago,Independencia,-33.415335,-70.655086,1,1,100.0
108100.0,Hospital de San Camilo (San Felipe),Región de Valparaíso,San Felipe,-32.74977,-70.708992,111195,Hospital de Urgencia Asistencia Pública Dr. Alejandro del Río,Región Metropolitana de Santiago,Santiago,-33.444004,-70.637955,1,1,100.0
108101.0,Hospital San Juan de Dios (Los Andes),Región de Valparaíso,Los Andes,-32.829664,-70.59643,107102,Hospital de Quilpué,Región de Valparaíso,Quilpué,-33.051961,-71.433933,1,1,100.0
110100.0,"Hospital San Juan de Dios (Santiago, Santiago)",Región Metropolitana de Santiago,Santiago,-33.442394,-70.679188,109100,"Complejo Hospitalario San José (Santiago, Independencia)",Región Metropolitana de Santiago,Independencia,-33.416586,-70.653318,1,1,100.0
110100.0,"Hospital San Juan de Dios (Santiago, Santiago)",Región Metropolitana de Santiago,Santiago,-33.442394,-70.679188,110130,Hospital Adalberto Steeger (Talagante),Región Metropolitana de Santiago,Talagante,-33.66801,-70.920339,1,1,100.0
110100.0,"Hospital San Juan de Dios (Santiago, Santiago)",Región Metropolitana de Santiago,Santiago,-33.442394,-70.679188,114101,"Complejo Hospitalario Dr. Sótero del Río (Santiago, Puente Alto)",Región Metropolitana de Santiago,Puente Alto,-33.577251,-70.581781,1,1,100.0
110130.0,Hospital Adalberto Steeger (Talagante),Región Metropolitana de Santiago,Talagante,-33.66801,-70.920339,113100,"Hospital Barros Luco Trudeau (Santiago, San Miguel)",Región Metropolitana de Santiago,San Miguel,-33.485147,-70.644439,1,1,100.0
112100.0,"Hospital Del Salvador (Santiago, Providencia)",Región Metropolitana de Santiago,Providencia,-33.43664,-70.624493,114105,Hospital Clínico Metropolitano La Florida Dra. Eloisa Díaz Inzunza,Región Metropolitana de Santiago,La Florida,-33.514161,-70.599148,1,1,100.0
113100.0,"Hospital Barros Luco Trudeau (Santiago, San Miguel)",Región Metropolitana de Santiago,San Miguel,-33.485147,-70.644439,112102,"Hospital de Niños Dr. Luis Calvo Mackenna (Santiago, Providencia)",Región Metropolitana de Santiago,Providencia,-33.430592,-70.615846,1,1,100.0
113100.0,"Hospital Barros Luco Trudeau (Santiago, San Miguel)",Región Metropolitana de Santiago,San Miguel,-33.485147,-70.644439,113150,Hospital San Luis (Buin),Región Metropolitana de Santiago,Buin,-33.734263,-70.739547,1,1,100.0
113100.0,"Hospital Barros Luco Trudeau (Santiago, San Miguel)",Región Metropolitana de Santiago,San Miguel,-33.485147,-70.644439,113180,"Hospital El Pino (Santiago, San Bernardo)",Región Metropolitana de Santiago,San Bernardo,-33.58435,-70.676793,1,1,100.0
113100.0,"Hospital Barros Luco Trudeau (Santiago, San Miguel)",Región Metropolitana de Santiago,San Miguel,-33.485147,-70.644439,114103,Hospital Padre Alberto Hurtado (San Ramón),Región Metropolitana de Santiago,San Ramón,-33.5525,-70.635024,1,1,100.0
113150.0,Hospital San Luis (Buin),Región Metropolitana de Santiago,Buin,-33.734263,-70.739547,112103,Instituto Nacional de Enfermedades Respiratorias y Cirugía Torácica,Región Metropolitana de Santiago,Providencia,-33.437988,-70.621882,1,1,100.0
114105.0,Hospital Clínico Metropolitano La Florida Dra. Eloisa Díaz Inzunza,Región Metropolitana de Santiago,La Florida,-33.514161,-70.599148,112102,"Hospital de Niños Dr. Luis Calvo Mackenna (Santiago, Providencia)",Región Metropolitana de Santiago,Providencia,-33.430592,-70.615846,1,1,100.0
115107.0,Hospital San Juan de Dios (San Fernando),Región del Libertador Gral. B. O'Higgins,San Fernando,-34.575908,-70.992563,110100,"Hospital San Juan de Dios (Santiago, Santiago)",Región Metropolitana de Santiago,Santiago,-33.442394,-70.679188,1,1,100.0
115107.0,Hospital San Juan de Dios (San Fernando),Región del Libertador Gral. B. O'Higgins,San Fernando,-34.575908,-70.992563,111195,Hospital de Urgencia Asistencia Pública Dr. Alejandro del Río,Región Metropolitana de Santiago,Santiago,-33.444004,-70.637955,1,1,100.0
115107.0,Hospital San Juan de Dios (San Fernando),Región del Libertador Gral. B. O'Higgins,San Fernando,-34.575908,-70.992563,112103,Instituto Nacional de Enfermedades Respiratorias y Cirugía Torácica,Región Metropolitana de Santiago,Providencia,-33.437988,-70.621882,1,1,100.0
115107.0,Hospital San Juan de Dios (San Fernando),Región del Libertador Gral. B. O'Higgins,San Fernando,-34.575908,-70.992563,116108,Hospital Presidente Carlos Ibáñez del Campo (Linares),Región del Maule,Linares,-35.844282,-71.590991,1,1,100.0
115110.0,Hospital de Santa Cruz,Región del Libertador Gral. B. O'Higgins,Santa Cruz,-34.634422,-71.35723,110100,"Hospital San Juan de Dios (Santiago, Santiago)",Región Metropolitana de Santiago,Santiago,-33.442394,-70.679188,1,1,100.0
115110.0,Hospital de Santa Cruz,Región del Libertador Gral. B. O'Higgins,Santa Cruz,-34.634422,-71.35723,111101,Hospital Clínico Metropolitano El Carmen Doctor Luis Valentín Ferrada,Región Metropolitana de Santiago,Maipú,-33.508212,-70.774248,1,1,100.0
115110.0,Hospital de Santa Cruz,Región del Libertador Gral. B. O'Higgins,Santa Cruz,-34.634422,-71.35723,114103,Hospital Padre Alberto Hurtado (San Ramón),Región Metropolitana de Santiago,San Ramón,-33.5525,-70.635024,1,1,100.0
117102.0,Hospital de San Carlos,Región de Ñuble,San Carlos,-36.429931,-71.959831,119102,Hospital Penco - Lirquén,Región del Bíobío,Penco,-36.719574,-72.975452,1,1,100.0
119100.0,Hospital Las Higueras (Talcahuano),Región del Bíobío,Talcahuano,-36.740101,-73.108694,114105,Hospital Clínico Metropolitano La Florida Dra. Eloisa Díaz Inzunza,Región Metropolitana de Santiago,La Florida,-33.514161,-70.599148,1,1,100.0
119100.0,Hospital Las Higueras (Talcahuano),Región del Bíobío,Talcahuano,-36.740101,-73.108694,116105,Hospital Dr. César Garavagno Burotto (Talca),Región del Maule,Talca,-35.426896,-71.646373,1,1,100.0
119100.0,Hospital Las Higueras (Talcahuano),Región del Bíobío,Talcahuano,-36.740101,-73.108694,121109,Hospital Dr. Hernán Henríquez Aravena (Temuco),Región de La Araucanía,Temuco,-38.736532,-72.599238,1,1,100.0
119100.0,Hospital Las Higueras (Talcahuano),Región del Bíobío,Talcahuano,-36.740101,-73.108694,129100,Hospital Dr. Mauricio Heyermann (Angol),Región de La Araucanía,Angol,-37.794444,-72.705669,1,1,100.0
121121.0,Hospital de Villarrica,Región de La Araucanía,Villarrica,-39.2777,-72.226793,119100,Hospital Las Higueras (Talcahuano),Región del Bíobío,Talcahuano,-36.740101,-73.108694,1,1,100.0
121121.0,Hospital de Villarrica,Región de La Araucanía,Villarrica,-39.2777,-72.226793,122100,Hospital Clínico Regional (Valdivia),Región de Los Ríos,Valdivia,-39.831807,-73.240138,1,1,100.0
121121.0,Hospital de Villarrica,Región de La Araucanía,Villarrica,-39.2777,-72.226793,123100,Hospital Base San José de Osorno,Región de Los Lagos,Osorno,-40.5883,-73.127785,1,1,100.0
121121.0,Hospital de Villarrica,Región de La Araucanía,Villarrica,-39.2777,-72.226793,128109,Hospital Provincial Dr. Rafael Avaría (Curanilahue),Región del Bíobío,Curanilahue,-37.473676,-73.348238,1,1,100.0
124105.0,Hospital de Puerto Montt,Región de Los Lagos,Puerto Montt,-41.44855,-72.957342,109101,"Hospital Clínico de Niños Dr. Roberto del Río (Santiago, Independencia)",Región Metropolitana de Santiago,Independencia,-33.415335,-70.655086,1,1,100.0
124105.0,Hospital de Puerto Montt,Región de Los Lagos,Puerto Montt,-41.44855,-72.957342,111100,"Hospital Clínico San Borja-Arriarán (Santiago, Santiago)",Región Metropolitana de Santiago,Santiago,-33.460498,-70.64232,1,1,100.0
124105.0,Hospital de Puerto Montt,Región de Los Lagos,Puerto Montt,-41.44855,-72.957342,114101,"Complejo Hospitalario Dr. Sótero del Río (Santiago, Puente Alto)",Región Metropolitana de Santiago,Puente Alto,-33.577251,-70.581781,1,1,100.0
124105.0,Hospital de Puerto Montt,Región de Los Lagos,Puerto Montt,-41.44855,-72.957342,114105,Hospital Clínico Metropolitano La Florida Dra. Eloisa Díaz Inzunza,Región Metropolitana de Santiago,La Florida,-33.514161,-70.599148,1,1,100.0
124105.0,Hospital de Puerto Montt,Región de Los Lagos,Puerto Montt,-41.44855,-72.957342,116100,Hospital San Juan de Dios (Curicó),Región del Maule,Curicó,-34.978121,-71.213364,1,1,100.0
124105.0,Hospital de Puerto Montt,Región de Los Lagos,Puerto Montt,-41.44855,-72.957342,119100,Hospital Las Higueras (Talcahuano),Región del Bíobío,Talcahuano,-36.740101,-73.108694,1,1,100.0
125100.0,Hospital Regional (Coihaique),Región de Aysén del General Carlos Ibañez del Campo,Coyhaique,-45.568399,-72.073423,112104,Instituto de Neurocirugía Dr. Alfonso Asenjo,Región Metropolitana de Santiago,Providencia,-33.436888,-70.622448,1,1,100.0
125100.0,Hospital Regional (Coihaique),Región de Aysén del General Carlos Ibañez del Campo,Coyhaique,-45.568399,-72.073423,114101,"Complejo Hospitalario Dr. Sótero del Río (Santiago, Puente Alto)",Región Metropolitana de Santiago,Puente Alto,-33.577251,-70.581781,1,1,100.0
129100.0,Hospital Dr. Mauricio Heyermann (Angol),Región de La Araucanía,Angol,-37.794444,-72.705669,121121,Hospital de Villarrica,Región de La Araucanía,Villarrica,-39.2777,-72.226793,1,1,100.0
133150.0,Hospital de Castro,Región de Los Lagos,Castro,-42.477043,-73.76933,109101,"Hospital Clínico de Niños Dr. Roberto del Río (Santiago, Independencia)",Región Metropolitana de Santiago,Independencia,-33.415335,-70.655086,1,1,100.0
133150.0,Hospital de Castro,Región de Los Lagos,Castro,-42.477043,-73.76933,110110,Instituto Traumatológico Dr. Teodoro Gebauer,Región Metropolitana de Santiago,Santiago,-33.434891,-70.658236,1,1,100.0
133150.0,Hospital de Castro,Región de Los Lagos,Castro,-42.477043,-73.76933,111195,Hospital de Urgencia Asistencia Pública Dr. Alejandro del Río,Región Metropolitana de Santiago,Santiago,-33.444004,-70.637955,1,1,100.0
133150.0,Hospital de Castro,Región de Los Lagos,Castro,-42.477043,-73.76933,114105,Hospital Clínico Metropolitano La Florida Dra. Eloisa Díaz Inzunza,Región Metropolitana de Santiago,La Florida,-33.514161,-70.599148,1,1,100.0
133150.0,Hospital de Castro,Región de Los Lagos,Castro,-42.477043,-73.76933,123100,Hospital Base San José de Osorno,Región de Los Lagos,Osorno,-40.5883,-73.127785,1,1,100.0
102100.0,Hospital Dr. Ernesto Torres Galdames (Iquique),Región de Tarapacá,Iquique,-20.214354,-70.138931,102100,Hospital Dr. Ernesto Torres Galdames (Iquique),Región de Tarapacá,Iquique,-20.214354,-70.138931,1,0,0.0
105100.0,Hospital San Juan de Dios (La Serena),Región de Coquimbo,La Serena,-29.908191,-71.249732,121109,Hospital Dr. Hernán Henríquez Aravena (Temuco),Región de La Araucanía,Temuco,-38.736532,-72.599238,1,0,0.0
105101.0,Hospital San Pablo (Coquimbo),Región de Coquimbo,Coquimbo,-29.968488,-71.337017,103100,Hospital Dr. Leonardo Guzmán (Antofagasta),Región de Antofagasta,Antofagasta,-23.616852,-70.385924,1,0,0.0
105101.0,Hospital San Pablo (Coquimbo),Región de Coquimbo,Coquimbo,-29.968488,-71.337017,106100,Hospital Carlos Van Buren (Valparaíso),Región de Valparaíso,Valparaíso,-33.050258,-71.611098,1,0,0.0
108100.0,Hospital de San Camilo (San Felipe),Región de Valparaíso,San Felipe,-32.74977,-70.708992,105100,Hospital San Juan de Dios (La Serena),Región de Coquimbo,La Serena,-29.908191,-71.249732,1,0,0.0
108100.0,Hospital de San Camilo (San Felipe),Región de Valparaíso,San Felipe,-32.74977,-70.708992,106102,Hospital Dr. Eduardo Pereira Ramírez (Valparaíso),Región de Valparaíso,Valparaíso,-33.05679,-71.58962,1,0,0.0
108100.0,Hospital de San Camilo (San Felipe),Región de Valparaíso,San Felipe,-32.74977,-70.708992,111100,"Hospital Clínico San Borja-Arriarán (Santiago, Santiago)",Región Metropolitana de Santiago,Santiago,-33.460498,-70.64232,1,0,0.0
108100.0,Hospital de San Camilo (San Felipe),Región de Valparaíso,San Felipe,-32.74977,-70.708992,112100,"Hospital Del Salvador (Santiago, Providencia)",Región Metropolitana de Santiago,Providencia,-33.43664,-70.624493,1,0,0.0
108100.0,Hospital de San Camilo (San Felipe),Región de Valparaíso,San Felipe,-32.74977,-70.708992,113100,"Hospital Barros Luco Trudeau (Santiago, San Miguel)",Región Metropolitana de Santiago,San Miguel,-33.485147,-70.644439,1,0,0.0
108100.0,Hospital de San Camilo (San Felipe),Región de Valparaíso,San Felipe,-32.74977,-70.708992,113130,"Hospital Dr. Exequiel González Cortés (Santiago, San Miguel)",Región Metropolitana de Santiago,San Miguel,-33.484761,-70.648129,1,0,0.0
110100.0,"Hospital San Juan de Dios (Santiago, Santiago)",Región Metropolitana de Santiago,Santiago,-33.442394,-70.679188,111101,Hospital Clínico Metropolitano El Carmen Doctor Luis Valentín Ferrada,Región Metropolitana de Santiago,Maipú,-33.508212,-70.774248,1,0,0.0
110100.0,"Hospital San Juan de Dios (Santiago, Santiago)",Región Metropolitana de Santiago,Santiago,-33.442394,-70.679188,112100,"Hospital Del Salvador (Santiago, Providencia)",Región Metropolitana de Santiago,Providencia,-33.43664,-70.624493,1,0,0.0
110100.0,"Hospital San Juan de Dios (Santiago, Santiago)",Región Metropolitana de Santiago,Santiago,-33.442394,-70.679188,112101,"Hospital Dr. Luis Tisné B. (Santiago, Peñalolén)",Región Metropolitana de Santiago,Peñalolén,-33.501328,-70.579408,1,0,0.0
110130.0,Hospital Adalberto Steeger (Talagante),Región Metropolitana de Santiago,Talagante,-33.66801,-70.920339,112100,"Hospital Del Salvador (Santiago, Providencia)",Región Metropolitana de Santiago,Providencia,-33.43664,-70.624493,1,0,0.0
112100.0,"Hospital Del Salvador (Santiago, Providencia)",Región Metropolitana de Santiago,Providencia,-33.43664,-70.624493,107101,Hospital San Martín (Quillota),Región de Valparaíso,Quillota,-32.87993,-71.257745,1,0,0.0
112100.0,"Hospital Del Salvador (Santiago, Providencia)",Región Metropolitana de Santiago,Providencia,-33.43664,-70.624493,114103,Hospital Padre Alberto Hurtado (San Ramón),Región Metropolitana de Santiago,San Ramón,-33.5525,-70.635024,1,0,0.0
112100.0,"Hospital Del Salvador (Santiago, Providencia)",Región Metropolitana de Santiago,Providencia,-33.43664,-70.624493,121114,Hospital Intercultural de Nueva Imperial,Región de La Araucanía,Nueva Imperial,-38.740329,-72.958314,1,0,0.0
112100.0,"Hospital Del Salvador (Santiago, Providencia)",Región Metropolitana de Santiago,Providencia,-33.43664,-70.624493,129106,Hospital San José (Victoria),Región de La Araucanía,Victoria,-38.233942,-72.340159,1,0,0.0
113150.0,Hospital San Luis (Buin),Región Metropolitana de Santiago,Buin,-33.734263,-70.739547,114101,"Complejo Hospitalario Dr. Sótero del Río (Santiago, Puente Alto)",Región Metropolitana de Santiago,Puente Alto,-33.577251,-70.581781,1,0,0.0
114105.0,Hospital Clínico Metropolitano La Florida Dra. Eloisa Díaz Inzunza,Región Metropolitana de Santiago,La Florida,-33.514161,-70.599148,112104,Instituto de Neurocirugía Dr. Alfonso Asenjo,Región Metropolitana de Santiago,Providencia,-33.436888,-70.622448,1,0,0.0
114105.0,Hospital Clínico Metropolitano La Florida Dra. Eloisa Díaz Inzunza,Región Metropolitana de Santiago,La Florida,-33.514161,-70.599148,115107,Hospital San Juan de Dios (San Fernando),Región del Libertador Gral. B. O'Higgins,San Fernando,-34.575908,-70.992563,1,0,0.0
115107.0,Hospital San Juan de Dios (San Fernando),Región del Libertador Gral. B. O'Higgins,San Fernando,-34.575908,-70.992563,113130,"Hospital Dr. Exequiel González Cortés (Santiago, San Miguel)",Región Metropolitana de Santiago,San Miguel,-33.484761,-70.648129,1,0,0.0
115110.0,Hospital de Santa Cruz,Región del Libertador Gral. B. O'Higgins,Santa Cruz,-34.634422,-71.35723,111195,Hospital de Urgencia Asistencia Pública Dr. Alejandro del Río,Región Metropolitana de Santiago,Santiago,-33.444004,-70.637955,1,0,0.0
115110.0,Hospital de Santa Cruz,Región del Libertador Gral. B. O'Higgins,Santa Cruz,-34.634422,-71.35723,112102,"Hospital de Niños Dr. Luis Calvo Mackenna (Santiago, Providencia)",Región Metropolitana de Santiago,Providencia,-33.430592,-70.615846,1,0,0.0
115110.0,Hospital de Santa Cruz,Región del Libertador Gral. B. O'Higgins,Santa Cruz,-34.634422,-71.35723,116100,Hospital San Juan de Dios (Curicó),Región del Maule,Curicó,-34.978121,-71.213364,1,0,0.0
119100.0,Hospital Las Higueras (Talcahuano),Región del Bíobío,Talcahuano,-36.740101,-73.108694,120101,Complejo Asistencial Dr. Víctor Ríos Ruiz (Los Ángeles),Región del Bíobío,Los Ángeles,-37.47365,-72.346903,1,0,0.0
121110.0,Hospital Dr. Abraham Godoy (Lautaro),Región de La Araucanía,Lautaro,-38.537076,-72.418384,118100,Hospital Clínico Regional Dr. Guillermo Grant Benavente (Concepción),Región del Bíobío,Concepción,-36.82511,-73.037951,1,0,0.0
121110.0,Hospital Dr. Abraham Godoy (Lautaro),Región de La Araucanía,Lautaro,-38.537076,-72.418384,121114,Hospital Intercultural de Nueva Imperial,Región de La Araucanía,Nueva Imperial,-38.740329,-72.958314,1,0,0.0
121121.0,Hospital de Villarrica,Región de La Araucanía,Villarrica,-39.2777,-72.226793,129106,Hospital San José (Victoria),Región de La Araucanía,Victoria,-38.233942,-72.340159,1,0,0.0
125100.0,Hospital Regional (Coihaique),Región de Aysén del General Carlos Ibañez del Campo,Coyhaique,-45.568399,-72.073423,114105,Hospital Clínico Metropolitano La Florida Dra. Eloisa Díaz Inzunza,Región Metropolitana de Santiago,La Florida,-33.514161,-70.599148,1,0,0.0
125100.0,Hospital Regional (Coihaique),Región de Aysén del General Carlos Ibañez del Campo,Coyhaique,-45.568399,-72.073423,119102,Hospital Penco - Lirquén,Región del Bíobío,Penco,-36.719574,-72.975452,1,0,0.0
129100.0,Hospital Dr. Mauricio Heyermann (Angol),Región de La Araucanía,Angol,-37.794444,-72.705669,112100,"Hospital Del Salvador (Santiago, Providencia)",Región Metropolitana de Santiago,Providencia,-33.43664,-70.624493,1,0,0.0
